min,cur_temp,target,error,output_pct,raw_out,ssr_state,mode,elapsed_s
0,52.0,52.0,0.0,0.0,0,0,ramp0%,1
0,52.1,52.1,0.0,0.0,0,0,ramp0%,3
0,52.0,52.3,0.3,0.0,0,0,ramp0%,5
0,52.1,52.4,0.3,0.0,0,0,ramp0%,7
0,52.1,52.5,0.4,0.0,0,0,ramp0%,9
0,52.3,52.6,0.3,0.0,0,0,ramp0%,11
0,52.1,52.7,0.6,0.0,0,0,ramp0%,13
0,51.9,52.8,0.9,0.0,0,0,ramp0%,15
0,52.1,52.9,0.8,0.0,0,0,ramp0%,17
0,52.1,53.0,0.9,0.0,0,0,ramp1%,19
0,52.0,53.1,1.1,0.0,0,0,ramp1%,21
0,52.1,53.2,1.1,0.0,0,0,ramp1%,23
0,52.1,53.4,1.3,0.0,0,0,ramp1%,25
0,52.1,53.5,1.4,0.0,0,0,ramp1%,27
0,52.1,53.6,1.5,0.0,0,0,ramp1%,29
0,52.1,53.7,1.6,0.0,0,0,ramp1%,31
0,52.1,53.8,1.7,0.0,0,0,ramp1%,33
0,52.0,53.9,1.9,0.0,0,0,ramp1%,35
0,52.1,54.0,1.9,0.0,0,0,ramp2%,37
0,52.0,54.1,2.1,0.0,0,0,ramp2%,39
0,52.0,54.2,2.2,0.0,0,0,ramp2%,41
0,52.1,54.4,2.3,0.0,0,0,ramp2%,43
0,52.1,54.5,2.4,0.0,0,0,ramp2%,45
0,52.1,54.6,2.5,0.0,0,0,ramp2%,47
0,52.3,54.7,2.4,0.0,0,0,ramp2%,49
0,52.0,54.8,2.8,0.0,0,0,ramp2%,51
0,52.2,54.9,2.7,0.0,0,0,ramp2%,53
0,52.1,55.0,2.9,0.0,0,0,ramp3%,55
0,52.2,55.1,2.9,0.0,0,0,ramp3%,57
0,52.1,55.2,3.1,0.0,0,0,ramp3%,59
1,52.1,55.4,3.3,0.0,0,0,ramp3%,61
1,52.1,55.5,3.4,0.0,0,0,ramp3%,63
1,52.0,55.6,3.6,0.0,0,0,ramp3%,65
1,52.0,55.7,3.7,0.0,0,0,ramp3%,67
1,52.1,55.8,3.7,0.0,0,0,ramp3%,69
1,52.1,55.9,3.8,0.0,0,0,ramp3%,71
1,52.2,56.0,3.8,0.0,0,0,ramp4%,73
1,52.1,56.1,4.0,0.0,0,0,ramp4%,75
1,52.0,56.2,4.2,0.0,0,0,ramp4%,77
1,52.1,56.3,4.2,0.0,0,0,ramp4%,79
1,52.1,56.5,4.4,0.0,0,0,ramp4%,81
1,52.0,56.6,4.6,0.0,0,0,ramp4%,83
1,52.1,56.7,4.6,0.0,0,0,ramp4%,85
1,52.1,56.8,4.7,0.0,0,0,ramp4%,87
1,52.1,56.9,4.8,0.0,0,0,ramp5%,90
1,52.0,57.0,5.0,0.0,0,0,ramp5%,92
1,52.0,57.1,5.1,0.0,0,0,ramp5%,94
1,52.1,57.2,5.1,0.0,0,0,ramp5%,96
1,52.0,57.3,5.3,0.0,0,0,ramp5%,98
1,52.1,57.5,5.4,0.0,0,0,ramp5%,100
1,51.9,57.6,5.7,0.0,0,0,ramp5%,102
1,51.8,57.7,5.9,0.0,0,0,ramp5%,104
1,51.8,57.8,6.0,0.0,0,0,ramp5%,106
1,51.8,57.9,6.1,0.0,0,0,ramp6%,108
1,51.8,58.0,6.2,0.0,0,0,ramp6%,110
1,51.8,58.1,6.3,0.0,0,0,ramp6%,112
1,51.6,58.2,6.6,0.0,0,0,ramp6%,114
1,51.5,58.3,6.8,0.0,0,0,ramp6%,116
1,51.7,58.5,6.8,0.0,0,0,ramp6%,118
2,51.7,58.6,6.9,0.0,0,0,ramp6%,120
2,51.5,58.7,7.2,0.0,0,0,ramp6%,122
2,51.7,58.8,7.1,0.0,0,0,ramp6%,124
2,51.6,58.9,7.3,0.0,0,0,ramp7%,126
2,51.5,59.0,7.5,0.0,0,0,ramp7%,128
2,51.4,59.1,7.7,0.0,0,0,ramp7%,130
2,51.3,59.2,7.9,0.0,0,0,ramp7%,132
2,51.2,59.3,8.1,0.0,0,0,ramp7%,134
2,51.2,59.4,8.2,0.0,0,0,ramp7%,136
2,51.2,59.6,8.4,0.0,0,0,ramp7%,138
2,51.3,59.7,8.4,0.0,0,0,ramp7%,140
2,51.2,59.8,8.6,0.0,0,0,ramp7%,142
2,51.0,59.9,8.9,0.0,0,0,ramp8%,144
2,51.2,60.0,8.8,0.0,0,0,ramp8%,146
2,50.9,60.1,9.2,0.0,0,0,ramp8%,148
2,51.0,60.2,9.2,0.0,0,0,ramp8%,150
2,50.8,60.3,9.5,0.0,0,0,ramp8%,152
2,50.8,60.4,9.6,0.0,0,0,ramp8%,154
2,50.7,60.6,9.9,0.0,0,0,ramp8%,156
2,50.7,60.7,10.0,0.0,0,0,ramp8%,158
2,50.7,60.8,10.1,0.0,0,0,ramp8%,160
2,50.7,60.9,10.2,0.0,0,0,ramp9%,162
2,50.6,61.0,10.4,0.0,0,0,ramp9%,164
2,50.6,61.1,10.5,0.0,0,0,ramp9%,166
2,50.3,61.2,10.9,0.0,0,0,ramp9%,168
2,50.5,61.3,10.8,0.0,0,0,ramp9%,170
2,50.4,61.4,11.0,0.0,0,0,ramp9%,172
2,50.3,61.5,11.2,0.0,0,0,ramp9%,174
2,50.3,61.7,11.4,0.0,0,0,ramp9%,176
2,50.2,61.8,11.6,0.0,0,0,ramp9%,178
3,50.1,61.9,11.8,0.0,0,0,ramp10%,180
3,50.0,62.0,12.0,0.0,0,0,ramp10%,182
3,50.0,62.1,12.1,0.0,0,0,ramp10%,184
3,50.0,62.2,12.2,0.0,0,0,ramp10%,186
3,49.8,62.3,12.5,0.0,0,0,ramp10%,188
3,50.0,62.4,12.4,0.0,0,0,ramp10%,190
3,49.9,62.5,12.6,0.0,0,0,ramp10%,192
3,49.8,62.7,12.9,0.0,0,0,ramp10%,194
3,49.7,62.8,13.1,0.0,0,0,ramp10%,196
3,49.7,62.9,13.2,0.0,0,0,ramp11%,198
3,49.7,63.0,13.3,0.0,0,0,ramp11%,200
3,49.5,63.1,13.6,0.2,2,0,ramp11%,202
3,49.5,63.2,13.7,0.4,4,0,ramp11%,204
3,49.4,63.3,13.9,0.7,7,0,ramp11%,206
3,49.4,63.4,14.0,0.9,9,0,ramp11%,208
3,49.2,63.5,14.3,1.3,13,0,ramp11%,210
3,49.2,63.7,14.5,1.5,15,0,ramp11%,212
3,49.2,63.8,14.6,1.7,17,0,ramp12%,214
3,49.1,63.9,14.8,2.0,20,0,ramp12%,216
3,49.0,64.0,15.0,2.3,23,0,ramp12%,218
3,49.0,64.1,15.1,2.6,26,0,ramp12%,220
3,49.0,64.2,15.2,2.8,28,0,ramp12%,222
3,48.8,64.3,15.5,3.2,32,0,ramp12%,224
3,48.8,64.4,15.6,3.4,34,0,ramp12%,226
3,48.6,64.5,15.9,3.8,38,0,ramp12%,228
3,48.5,64.6,16.1,4.1,41,0,ramp12%,230
3,48.4,64.8,16.4,4.4,45,0,ramp13%,232
3,48.5,64.9,16.4,4.6,46,0,ramp13%,234
3,48.3,65.0,16.7,5.0,51,0,ramp13%,236
3,48.3,65.1,16.8,5.2,53,0,ramp13%,238
4,48.3,65.2,16.9,5.5,56,0,ramp13%,240
4,48.2,65.3,17.1,5.9,60,0,ramp13%,242
4,48.2,65.4,17.2,6.1,62,0,ramp13%,244
4,48.2,65.5,17.3,6.4,65,0,ramp13%,246
4,48.1,65.6,17.5,6.8,69,0,ramp13%,248
4,48.0,65.8,17.8,7.1,72,0,ramp14%,250
4,47.9,65.9,18.0,7.4,76,0,ramp14%,252
4,47.9,66.0,18.1,7.7,78,0,ramp14%,254
4,47.8,66.1,18.3,8.1,82,0,ramp14%,256
4,47.8,66.2,18.4,8.3,85,0,ramp14%,258
4,47.7,66.3,18.6,8.7,89,0,ramp14%,260
4,47.8,66.4,18.6,8.9,91,0,ramp14%,262
4,47.6,66.5,18.9,9.4,96,0,ramp14%,265
4,47.5,66.6,19.1,9.7,99,0,ramp14%,267
4,47.5,66.8,19.3,10.0,102,0,ramp15%,269
4,47.5,66.9,19.4,10.3,105,0,ramp15%,271
4,47.4,67.0,19.6,10.7,109,0,ramp15%,273
4,47.4,67.1,19.7,11.0,112,0,ramp15%,275
4,47.3,67.2,19.9,11.4,116,0,ramp15%,277
4,47.3,67.3,20.0,11.7,119,0,ramp15%,279
4,47.3,67.4,20.1,12.0,122,0,ramp15%,281
4,47.2,67.5,20.3,12.4,126,0,ramp15%,283
4,47.1,67.6,20.5,12.8,130,0,ramp15%,285
4,47.2,67.7,20.5,13.0,133,0,ramp16%,287
4,47.0,67.9,20.9,13.5,138,0,ramp16%,289
4,47.1,68.0,20.9,13.7,140,0,ramp16%,291
4,46.9,68.1,21.2,14.2,145,0,ramp16%,293
4,47.0,68.2,21.2,14.4,147,0,ramp16%,295
4,46.8,68.3,21.5,15.0,152,0,ramp16%,297
4,46.8,68.4,21.6,15.2,155,0,ramp16%,299
5,46.8,68.5,21.7,15.6,159,0,ramp16%,301
5,46.7,68.6,21.9,16.0,163,0,ramp16%,303
5,46.7,68.7,22.0,16.3,167,0,ramp17%,305
5,46.8,68.9,22.1,16.6,170,0,ramp17%,307
5,46.5,69.0,22.5,17.2,175,0,ramp17%,309
5,46.5,69.1,22.6,17.5,178,0,ramp17%,311
5,46.7,69.2,22.5,17.7,181,0,ramp17%,313
5,46.4,69.3,22.9,18.3,187,0,ramp17%,315
5,46.5,69.4,22.9,18.5,189,0,ramp17%,317
5,46.4,69.5,23.1,19.0,194,0,ramp17%,319
5,46.3,69.6,23.3,19.4,198,0,ramp17%,321
5,46.2,69.7,23.5,19.8,202,0,ramp18%,323
5,46.2,69.9,23.7,20.2,206,0,ramp18%,325
5,46.0,70.0,24.0,20.7,211,0,ramp18%,327
5,46.0,70.1,24.1,21.0,215,0,ramp18%,329
5,46.0,70.2,24.2,21.4,219,0,ramp18%,331
5,46.0,70.3,24.3,21.8,223,0,ramp18%,333
5,46.0,70.4,24.4,22.2,227,0,ramp18%,335
5,45.8,70.5,24.7,22.7,232,0,ramp18%,337
5,45.8,70.6,24.8,23.1,235,0,ramp19%,339
5,45.8,70.7,24.9,23.5,240,0,ramp19%,341
5,45.9,70.8,24.9,23.8,243,0,ramp19%,343
5,46.0,71.0,25.0,24.1,246,0,ramp19%,345
5,45.7,71.1,25.4,24.7,253,0,ramp19%,347
5,45.6,71.2,25.6,25.1,257,1,ramp19%,349
5,45.7,71.3,25.6,25.5,260,1,ramp19%,351
5,45.7,71.4,25.7,25.9,265,1,ramp19%,353
5,45.6,71.5,25.9,26.4,269,1,ramp19%,355
5,45.5,71.6,26.1,26.8,274,1,ramp20%,357
5,45.4,71.7,26.3,27.3,279,1,ramp20%,359
6,45.5,71.8,26.3,27.6,282,1,ramp20%,361
6,45.4,72.0,26.6,28.1,287,1,ramp20%,363
6,45.3,72.1,26.8,28.6,292,1,ramp20%,365
6,45.3,72.2,26.9,29.0,296,1,ramp20%,367
6,45.2,72.3,27.1,29.5,301,1,ramp20%,369
6,45.2,72.4,27.2,29.9,305,1,ramp20%,371
6,45.3,72.5,27.2,30.2,309,1,ramp20%,373
6,45.1,72.6,27.5,30.8,315,1,ramp21%,375
6,45.1,72.7,27.6,31.2,319,1,ramp21%,377
6,45.0,72.8,27.8,31.7,324,1,ramp21%,379
6,45.1,72.9,27.8,32.1,327,1,ramp21%,381
6,45.0,73.1,28.1,32.6,333,1,ramp21%,383
6,45.1,73.2,28.1,32.9,336,1,ramp21%,385
6,45.1,73.3,28.2,33.4,341,1,ramp21%,387
6,45.1,73.4,28.3,33.8,346,1,ramp21%,389
6,45.0,73.5,28.5,34.4,351,1,ramp21%,391
6,45.0,73.6,28.6,34.8,355,1,ramp22%,393
6,44.8,73.7,28.9,35.4,361,1,ramp22%,395
6,45.1,73.8,28.7,35.6,363,1,ramp22%,397
6,45.0,73.9,28.9,36.2,370,1,ramp22%,399
6,45.1,74.1,29.0,36.5,373,1,ramp22%,401
6,45.0,74.2,29.2,37.1,379,1,ramp22%,403
6,44.9,74.3,29.4,37.5,384,1,ramp22%,405
6,45.0,74.4,29.4,37.9,388,1,ramp22%,407
6,45.0,74.5,29.5,38.4,393,1,ramp22%,409
6,44.9,74.6,29.7,38.9,398,1,ramp23%,411
6,44.9,74.7,29.8,39.4,402,1,ramp23%,413
6,45.0,74.8,29.8,39.8,406,1,ramp23%,415
6,44.9,74.9,30.0,40.3,412,1,ramp23%,417
6,44.9,75.1,30.2,40.8,417,1,ramp23%,419
7,45.1,75.2,30.1,41.1,420,1,ramp23%,421
7,45.0,75.3,30.3,41.7,426,1,ramp23%,423
7,45.1,75.4,30.3,42.1,430,1,ramp23%,425
7,45.0,75.5,30.5,42.6,436,1,ramp23%,427
7,45.0,75.6,30.6,43.1,440,1,ramp24%,429
7,45.1,75.7,30.6,43.5,445,1,ramp24%,431
7,45.0,75.8,30.8,44.1,450,1,ramp24%,433
7,45.0,75.9,30.9,44.5,455,1,ramp24%,435
7,45.1,76.0,30.9,44.9,459,1,ramp24%,437
7,45.1,76.2,31.1,45.4,464,1,ramp24%,440
7,45.0,76.3,31.3,46.0,470,1,ramp24%,442
7,45.1,76.4,31.3,46.4,474,1,ramp24%,444
7,45.1,76.5,31.4,46.9,479,1,ramp24%,446
7,45.1,76.6,31.5,47.4,484,1,ramp25%,448
7,45.1,76.7,31.6,47.9,489,1,ramp25%,450
7,45.1,76.8,31.7,48.4,494,1,ramp25%,452
7,45.1,76.9,31.8,48.9,499,1,ramp25%,454
7,45.2,77.0,31.8,49.3,504,1,ramp25%,456
7,45.2,77.2,32.0,49.8,509,1,ramp25%,458
7,45.1,77.3,32.2,50.4,515,1,ramp25%,460
7,45.2,77.4,32.2,50.8,519,1,ramp25%,462
7,45.1,77.5,32.4,51.4,525,1,ramp26%,464
7,45.3,77.6,32.3,51.7,528,1,ramp26%,466
7,45.3,77.7,32.4,52.3,534,1,ramp26%,468
7,45.3,77.8,32.5,52.7,539,1,ramp26%,470
7,45.2,77.9,32.7,53.3,545,1,ramp26%,472
7,45.4,78.0,32.6,53.7,549,1,ramp26%,474
7,45.4,78.2,32.8,54.2,554,1,ramp26%,476
7,45.2,78.3,33.1,54.8,561,1,ramp26%,478
8,45.3,78.4,33.1,55.3,565,1,ramp26%,480
8,45.2,78.5,33.3,55.9,571,1,ramp27%,482
8,45.4,78.6,33.2,56.2,575,1,ramp27%,484
8,45.5,78.7,33.2,56.7,580,1,ramp27%,486
8,45.5,78.8,33.3,57.2,585,1,ramp27%,488
8,45.5,78.9,33.4,57.8,590,1,ramp27%,490
8,45.4,79.0,33.6,58.3,596,1,ramp27%,492
8,45.4,79.1,33.7,58.8,601,1,ramp27%,494
8,45.6,79.3,33.7,59.2,606,1,ramp27%,496
8,45.8,79.4,33.6,59.7,610,1,ramp27%,498
8,45.7,79.5,33.8,60.3,616,1,ramp28%,500
8,45.8,79.6,33.8,60.7,621,1,ramp28%,502
8,45.8,79.7,33.9,61.3,626,1,ramp28%,504
8,45.7,79.8,34.1,61.8,632,1,ramp28%,506
8,45.8,79.9,34.1,62.3,637,1,ramp28%,508
8,45.8,80.0,34.2,62.9,642,1,ramp28%,510
8,45.8,80.1,34.3,63.4,648,1,ramp28%,512
8,45.8,80.3,34.5,63.9,653,1,ramp28%,514
8,45.8,80.4,34.6,64.4,659,1,ramp28%,516
8,45.8,80.5,34.7,65.0,664,1,ramp29%,518
8,45.9,80.6,34.7,65.4,669,1,ramp29%,520
8,45.8,80.7,34.9,66.1,675,1,ramp29%,522
8,46.0,80.8,34.8,66.4,679,1,ramp29%,524
8,46.0,80.9,34.9,67.0,685,1,ramp29%,526
8,45.9,81.0,35.1,67.6,691,1,ramp29%,528
8,46.0,81.1,35.1,68.1,696,1,ramp29%,530
8,45.9,81.3,35.4,68.7,703,1,ramp29%,532
8,46.1,81.4,35.3,69.1,706,1,ramp29%,534
8,46.0,81.5,35.5,69.8,713,1,ramp30%,536
8,46.1,81.6,35.5,70.2,718,1,ramp30%,538
9,46.4,81.7,35.3,70.6,722,1,ramp30%,540
9,46.2,81.8,35.6,71.3,729,1,ramp30%,542
9,46.3,81.9,35.6,71.7,733,1,ramp30%,544
9,46.4,82.0,35.6,72.3,739,1,ramp30%,546
9,46.4,82.1,35.7,72.8,745,1,ramp30%,548
9,46.5,82.2,35.7,73.3,750,1,ramp30%,550
9,46.5,82.4,35.9,73.9,755,1,ramp30%,552
9,46.4,82.5,36.1,74.5,762,1,ramp31%,554
9,46.7,82.6,35.9,74.8,765,1,ramp31%,556
9,46.6,82.7,36.1,75.5,772,1,ramp31%,558
9,46.7,82.8,36.1,76.0,777,1,ramp31%,560
9,46.7,82.9,36.2,76.6,783,1,ramp31%,562
9,46.8,83.0,36.2,77.1,788,1,ramp31%,564
9,46.9,83.1,36.2,77.6,793,1,ramp31%,566
9,46.7,83.2,36.5,78.3,800,1,ramp31%,568
9,47.0,83.4,36.4,78.6,804,1,ramp31%,570
9,46.9,83.5,36.6,79.3,811,1,ramp32%,572
9,47.0,83.6,36.6,79.7,815,1,ramp32%,574
9,47.2,83.7,36.5,80.2,820,1,ramp32%,576
9,47.2,83.8,36.6,80.8,826,1,ramp32%,578
9,47.1,83.9,36.8,81.4,833,1,ramp32%,580
9,47.2,84.0,36.8,81.9,838,1,ramp32%,582
9,47.4,84.1,36.7,82.4,842,1,ramp32%,584
9,47.3,84.2,36.9,83.1,849,1,ramp32%,586
9,47.3,84.4,37.1,83.6,855,1,ramp33%,588
9,47.5,84.5,37.0,84.0,859,1,ramp33%,590
9,47.4,84.6,37.2,84.7,866,1,ramp33%,592
9,47.5,84.7,37.2,85.2,871,1,ramp33%,594
9,47.5,84.8,37.3,85.8,877,1,ramp33%,596
9,47.6,84.9,37.3,86.3,882,1,ramp33%,598
10,47.6,85.0,37.4,86.9,888,1,ramp33%,600
10,47.6,85.1,37.5,87.5,894,1,ramp33%,602
10,47.6,85.2,37.6,88.0,900,1,ramp33%,604
10,47.6,85.3,37.7,88.6,906,1,ramp34%,606
10,47.6,85.5,37.9,89.2,912,1,ramp34%,608
10,47.8,85.6,37.8,89.7,917,1,ramp34%,610
10,47.6,85.7,38.1,90.4,924,1,ramp34%,613
10,47.8,85.8,38.0,90.8,928,1,ramp34%,615
10,47.8,85.9,38.1,91.5,935,1,ramp34%,617
10,47.7,86.0,38.3,92.1,941,1,ramp34%,619
10,47.9,86.1,38.2,92.5,946,1,ramp34%,621
10,47.9,86.2,38.3,93.2,953,1,ramp34%,623
10,48.0,86.3,38.3,93.7,958,1,ramp35%,625
10,47.9,86.5,38.6,94.4,965,1,ramp35%,627
10,48.2,86.6,38.4,94.7,968,1,ramp35%,629
10,48.1,86.7,38.6,95.5,976,1,ramp35%,631
10,48.4,86.8,38.4,95.8,979,1,ramp35%,633
10,48.4,86.9,38.5,96.5,987,1,ramp35%,635
10,48.3,87.0,38.7,97.1,993,1,ramp35%,637
10,48.5,87.1,38.6,97.6,998,1,ramp35%,639
10,48.6,87.2,38.6,98.1,1003,1,ramp35%,641
10,48.5,87.3,38.8,98.8,1010,1,ramp36%,643
10,48.8,87.5,38.7,99.2,1014,1,ramp36%,645
10,48.8,87.6,38.8,99.8,1021,1,ramp36%,647
10,48.8,87.7,38.9,100.0,1023,1,ramp36%,649
10,48.8,87.8,39.0,100.0,1023,1,ramp36%,651
10,49.0,87.9,38.9,100.0,1023,1,ramp36%,653
10,48.9,88.0,39.1,100.0,1023,1,ramp36%,655
10,49.1,88.1,39.0,100.0,1023,1,ramp36%,657
10,49.3,88.2,38.9,100.0,1023,1,ramp36%,659
11,49.1,88.3,39.2,100.0,1023,1,ramp37%,661
11,49.3,88.4,39.1,100.0,1023,1,ramp37%,663
11,49.4,88.6,39.2,100.0,1023,1,ramp37%,665
11,49.5,88.7,39.2,100.0,1023,1,ramp37%,667
11,49.5,88.8,39.3,100.0,1023,1,ramp37%,669
11,49.7,88.9,39.2,100.0,1023,1,ramp37%,671
11,49.8,89.0,39.2,100.0,1023,1,ramp37%,673
11,49.9,89.1,39.2,100.0,1023,1,ramp37%,675
11,49.8,89.2,39.4,100.0,1023,1,ramp37%,677
11,50.0,89.3,39.3,100.0,1023,1,ramp38%,679
11,50.2,89.4,39.2,100.0,1023,1,ramp38%,681
11,50.3,89.6,39.3,100.0,1023,1,ramp38%,683
11,50.3,89.7,39.4,100.0,1023,1,ramp38%,685
11,50.5,89.8,39.3,100.0,1023,1,ramp38%,687
11,50.5,89.9,39.4,100.0,1023,1,ramp38%,689
11,50.6,90.0,39.4,100.0,1023,1,ramp38%,691
11,50.7,90.1,39.4,100.0,1023,1,ramp38%,693
11,50.7,90.2,39.5,100.0,1023,1,ramp38%,695
11,50.8,90.3,39.5,100.0,1023,1,ramp39%,697
11,51.1,90.4,39.3,100.0,1023,1,ramp39%,699
11,51.2,90.5,39.3,100.0,1023,1,ramp39%,701
11,51.2,90.7,39.5,100.0,1023,1,ramp39%,703
11,51.3,90.8,39.5,100.0,1023,1,ramp39%,705
11,51.5,90.9,39.4,100.0,1023,1,ramp39%,707
11,51.5,91.0,39.5,100.0,1023,1,ramp39%,709
11,51.7,91.1,39.4,100.0,1023,1,ramp39%,711
11,51.8,91.2,39.4,100.0,1023,1,ramp40%,713
11,51.8,91.3,39.5,100.0,1023,1,ramp40%,715
11,51.9,91.4,39.5,100.0,1023,1,ramp40%,717
11,52.2,91.5,39.3,100.0,1023,1,ramp40%,719
12,52.2,91.7,39.5,100.0,1023,1,ramp40%,721
12,52.4,91.8,39.4,100.0,1023,1,ramp40%,723
12,52.6,91.9,39.3,100.0,1023,1,ramp40%,725
12,52.6,92.0,39.4,100.0,1023,1,ramp40%,727
12,52.6,92.1,39.5,100.0,1023,1,ramp40%,729
12,53.0,92.2,39.2,100.0,1023,1,ramp41%,731
12,52.9,92.3,39.4,100.0,1023,1,ramp41%,733
12,53.2,92.4,39.2,100.0,1023,1,ramp41%,735
12,53.3,92.5,39.2,100.0,1023,1,ramp41%,737
12,53.5,92.7,39.2,100.0,1023,1,ramp41%,739
12,53.6,92.8,39.2,100.0,1023,1,ramp41%,741
12,53.7,92.9,39.2,100.0,1023,1,ramp41%,743
12,53.9,93.0,39.1,100.0,1023,1,ramp41%,745
12,54.1,93.1,39.0,100.0,1023,1,ramp41%,747
12,54.1,93.2,39.1,100.0,1023,1,ramp42%,749
12,54.3,93.3,39.0,100.0,1023,1,ramp42%,751
12,54.4,93.4,39.0,100.0,1023,1,ramp42%,753
12,54.4,93.5,39.1,100.0,1023,1,ramp42%,755
12,54.6,93.6,39.0,100.0,1023,1,ramp42%,757
12,54.9,93.8,38.9,100.0,1023,1,ramp42%,759
12,55.0,93.9,38.9,100.0,1023,1,ramp42%,761
12,55.2,94.0,38.8,100.0,1023,1,ramp42%,763
12,55.3,94.1,38.8,100.0,1023,1,ramp42%,765
12,55.7,94.2,38.5,100.0,1023,1,ramp43%,767
12,55.8,94.3,38.5,100.0,1023,1,ramp43%,769
12,55.8,94.4,38.6,100.0,1023,1,ramp43%,771
12,56.0,94.5,38.5,100.0,1023,1,ramp43%,773
12,56.3,94.6,38.3,100.0,1023,1,ramp43%,775
12,56.4,94.8,38.4,100.0,1023,1,ramp43%,777
12,56.6,94.9,38.3,100.0,1023,1,ramp43%,779
13,56.7,95.0,38.3,100.0,1023,1,ramp43%,781
13,56.9,95.1,38.2,100.0,1023,1,ramp43%,783
13,57.1,95.2,38.1,100.0,1023,1,ramp44%,786
13,57.4,95.3,37.9,100.0,1023,1,ramp44%,788
13,57.4,95.4,38.0,100.0,1023,1,ramp44%,790
13,57.7,95.5,37.8,100.0,1023,1,ramp44%,792
13,57.7,95.6,37.9,100.0,1023,1,ramp44%,794
13,58.0,95.8,37.8,100.0,1023,1,ramp44%,796
13,58.2,95.9,37.7,100.0,1023,1,ramp44%,798
13,58.3,96.0,37.7,100.0,1023,1,ramp44%,800
13,58.4,96.1,37.7,100.0,1023,1,ramp44%,802
13,58.8,96.2,37.4,100.0,1023,1,ramp45%,804
13,59.0,96.3,37.3,100.0,1023,1,ramp45%,806
13,59.0,96.4,37.4,100.0,1023,1,ramp45%,808
13,59.3,96.5,37.2,100.0,1023,1,ramp45%,810
13,59.6,96.6,37.0,100.0,1023,1,ramp45%,812
13,59.8,96.7,36.9,100.0,1023,1,ramp45%,814
13,60.0,96.9,36.9,100.0,1023,1,ramp45%,816
13,60.1,97.0,36.9,100.0,1023,1,ramp45%,818
13,60.2,97.1,36.9,100.0,1023,1,ramp45%,820
13,60.6,97.2,36.6,100.0,1023,1,ramp46%,822
13,60.7,97.3,36.6,100.0,1023,1,ramp46%,824
13,61.0,97.4,36.4,100.0,1023,1,ramp46%,826
13,61.2,97.5,36.3,100.0,1023,1,ramp46%,828
13,61.4,97.6,36.2,100.0,1023,1,ramp46%,830
13,61.6,97.7,36.1,100.0,1023,1,ramp46%,832
13,61.7,97.9,36.2,100.0,1023,1,ramp46%,834
13,62.0,98.0,36.0,100.0,1023,1,ramp46%,836
13,62.2,98.1,35.9,100.0,1023,1,ramp47%,838
14,62.5,98.2,35.7,100.0,1023,1,ramp47%,840
14,62.6,98.3,35.7,100.0,1023,1,ramp47%,842
14,63.0,98.4,35.4,100.0,1023,1,ramp47%,844
14,63.1,98.5,35.4,100.0,1023,1,ramp47%,846
14,63.2,98.6,35.4,100.0,1023,1,ramp47%,848
14,63.5,98.7,35.2,100.0,1023,1,ramp47%,850
14,63.5,98.9,35.4,100.0,1023,1,ramp47%,852
14,64.0,99.0,35.0,100.0,1023,1,ramp47%,854
14,64.1,99.1,35.0,100.0,1023,1,ramp48%,856
14,64.5,99.2,34.7,100.0,1023,1,ramp48%,858
14,64.8,99.3,34.5,100.0,1023,1,ramp48%,860
14,64.8,99.4,34.6,100.0,1023,1,ramp48%,862
14,65.2,99.5,34.3,100.0,1023,1,ramp48%,864
14,65.5,99.6,34.1,100.0,1023,1,ramp48%,866
14,65.6,99.7,34.1,100.0,1023,1,ramp48%,868
14,65.9,99.8,33.9,100.0,1023,1,ramp48%,870
14,66.1,100.0,33.9,100.0,1023,1,ramp48%,872
14,66.1,100.1,34.0,100.0,1023,1,ramp49%,874
14,66.5,100.2,33.7,100.0,1023,1,ramp49%,876
14,66.8,100.3,33.5,100.0,1023,1,ramp49%,878
14,67.0,100.4,33.4,100.0,1023,1,ramp49%,880
14,67.2,100.5,33.3,100.0,1023,1,ramp49%,882
14,67.5,100.6,33.1,100.0,1023,1,ramp49%,884
14,67.7,100.7,33.0,100.0,1023,1,ramp49%,886
14,67.8,100.8,33.0,100.0,1023,1,ramp49%,888
14,68.2,101.0,32.8,100.0,1023,1,ramp49%,890
14,68.6,101.1,32.5,100.0,1023,1,ramp50%,892
14,68.6,101.2,32.6,100.0,1023,1,ramp50%,894
14,69.0,101.3,32.3,100.0,1023,1,ramp50%,896
14,69.0,101.4,32.4,100.0,1023,1,ramp50%,898
15,69.5,101.5,32.0,100.0,1023,1,ramp50%,900
15,69.8,101.6,31.8,100.0,1023,1,ramp50%,902
15,69.9,101.7,31.8,100.0,1023,1,ramp50%,904
15,70.2,101.8,31.6,100.0,1023,1,ramp50%,906
15,70.4,102.0,31.6,100.0,1023,1,ramp50%,908
15,70.7,102.1,31.4,100.0,1023,1,ramp51%,910
15,70.8,102.2,31.4,100.0,1023,1,ramp51%,912
15,71.1,102.3,31.2,100.0,1023,1,ramp51%,914
15,71.4,102.4,31.0,100.0,1023,1,ramp51%,916
15,71.8,102.5,30.7,100.0,1023,1,ramp51%,918
15,71.9,102.6,30.7,100.0,1023,1,ramp51%,920
15,72.3,102.7,30.4,100.0,1023,1,ramp51%,922
15,72.6,102.8,30.2,100.0,1023,1,ramp51%,924
15,72.8,102.9,30.1,100.0,1023,1,ramp51%,926
15,73.2,103.1,29.9,100.0,1023,1,ramp52%,928
15,73.3,103.2,29.9,100.0,1023,1,ramp52%,930
15,73.6,103.3,29.7,100.0,1023,1,ramp52%,932
15,73.7,103.4,29.7,100.0,1023,1,ramp52%,934
15,74.1,103.5,29.4,100.0,1023,1,ramp52%,936
15,74.6,103.6,29.0,100.0,1023,1,ramp52%,938
15,74.7,103.7,29.0,100.0,1023,1,ramp52%,940
15,75.0,103.8,28.8,100.0,1023,1,ramp52%,942
15,75.3,103.9,28.6,100.0,1023,1,ramp53%,944
15,75.5,104.1,28.6,100.0,1023,1,ramp53%,946
15,75.9,104.2,28.3,100.0,1023,1,ramp53%,948
15,76.1,104.3,28.2,100.0,1023,1,ramp53%,950
15,76.3,104.4,28.1,100.0,1023,1,ramp53%,952
15,76.6,104.5,27.9,100.0,1023,1,ramp53%,954
15,76.9,104.6,27.7,100.0,1023,1,ramp53%,956
15,77.2,104.7,27.5,100.0,1023,1,ramp53%,959
16,77.5,104.8,27.3,100.0,1023,1,ramp53%,961
16,77.8,104.9,27.1,100.0,1023,1,ramp54%,963
16,78.0,105.0,27.0,100.0,1023,1,ramp54%,965
16,78.2,105.2,27.0,100.0,1023,1,ramp54%,967
16,78.4,105.3,26.9,100.0,1023,1,ramp54%,969
16,78.9,105.4,26.5,100.0,1023,1,ramp54%,971
16,79.2,105.5,26.3,100.0,1023,1,ramp54%,973
16,79.5,105.6,26.1,100.0,1023,1,ramp54%,975
16,79.8,105.7,25.9,100.0,1023,1,ramp54%,977
16,80.1,105.8,25.7,100.0,1023,1,ramp54%,979
16,80.3,105.9,25.6,100.0,1023,1,ramp55%,981
16,80.6,106.0,25.4,100.0,1023,1,ramp55%,983
16,80.9,106.2,25.3,100.0,1023,1,ramp55%,985
16,81.2,106.3,25.1,100.0,1023,1,ramp55%,987
16,81.6,106.4,24.8,100.0,1023,1,ramp55%,989
16,81.8,106.5,24.7,100.0,1023,1,ramp55%,991
16,82.2,106.6,24.4,100.0,1023,1,ramp55%,993
16,82.4,106.7,24.3,100.0,1023,1,ramp55%,995
16,82.7,106.8,24.1,100.0,1023,1,ramp55%,997
16,83.0,106.9,23.9,100.0,1023,1,ramp56%,999
16,83.4,107.0,23.6,100.0,1023,1,ramp56%,1001
16,83.7,107.2,23.5,100.0,1023,1,ramp56%,1003
16,83.9,107.3,23.4,100.0,1023,1,ramp56%,1005
16,84.3,107.4,23.1,100.0,1023,1,ramp56%,1007
16,84.6,107.5,22.9,100.0,1023,1,ramp56%,1009
16,85.0,107.6,22.6,100.0,1023,1,ramp56%,1011
16,85.1,107.7,22.6,100.0,1023,1,ramp56%,1013
16,85.4,107.8,22.4,100.0,1023,1,ramp56%,1015
16,85.8,107.9,22.1,100.0,1023,1,ramp57%,1017
16,86.1,108.0,21.9,100.0,1023,1,ramp57%,1019
17,86.3,108.1,21.8,100.0,1023,1,ramp57%,1021
17,86.7,108.3,21.6,100.0,1023,1,ramp57%,1023
17,87.1,108.4,21.3,100.0,1023,1,ramp57%,1025
17,87.5,108.5,21.0,100.0,1023,1,ramp57%,1027
17,87.5,108.6,21.1,100.0,1023,1,ramp57%,1029
17,88.0,108.7,20.7,100.0,1023,1,ramp57%,1031
17,88.3,108.8,20.5,100.0,1023,1,ramp57%,1033
17,88.6,108.9,20.3,100.0,1023,1,ramp58%,1035
17,89.0,109.0,20.0,100.0,1023,1,ramp58%,1037
17,89.3,109.1,19.8,100.0,1023,1,ramp58%,1039
17,89.5,109.3,19.8,100.0,1023,1,ramp58%,1041
17,89.9,109.4,19.5,100.0,1023,1,ramp58%,1043
17,90.3,109.5,19.2,100.0,1023,1,ramp58%,1045
17,90.5,109.6,19.1,100.0,1023,1,ramp58%,1047
17,90.8,109.7,18.9,100.0,1023,1,ramp58%,1049
17,91.1,109.8,18.7,100.0,1023,1,ramp58%,1051
17,91.5,109.9,18.4,100.0,1023,1,ramp59%,1053
17,91.9,110.0,18.1,100.0,1023,1,ramp59%,1055
17,92.2,110.1,17.9,100.0,1023,1,ramp59%,1057
17,92.4,110.3,17.9,100.0,1023,1,ramp59%,1059
17,92.9,110.4,17.5,100.0,1023,1,ramp59%,1061
17,93.3,110.5,17.2,100.0,1023,1,ramp59%,1063
17,93.5,110.6,17.1,100.0,1023,1,ramp59%,1065
17,93.9,110.7,16.8,100.0,1023,1,ramp59%,1067
17,94.1,110.8,16.7,100.0,1023,1,ramp60%,1069
17,94.6,110.9,16.3,100.0,1023,1,ramp60%,1071
17,94.9,111.0,16.1,100.0,1023,1,ramp60%,1073
17,95.1,111.1,16.0,100.0,1023,1,ramp60%,1075
17,95.5,111.2,15.7,100.0,1023,1,ramp60%,1077
17,95.9,111.4,15.5,100.0,1023,1,ramp60%,1079
18,96.2,111.5,15.3,100.0,1023,1,ramp60%,1081
18,96.6,111.6,15.0,100.0,1023,1,ramp60%,1083
18,97.0,111.7,14.7,100.0,1023,1,ramp60%,1085
18,97.2,111.8,14.6,100.0,1023,1,ramp61%,1087
18,97.5,111.9,14.4,100.0,1023,1,ramp61%,1089
18,98.0,112.0,14.0,100.0,1023,1,ramp61%,1091
18,98.3,112.1,13.8,100.0,1023,1,ramp61%,1093
18,98.6,112.2,13.6,100.0,1023,1,ramp61%,1095
18,99.1,112.4,13.3,100.0,1023,1,ramp61%,1097
18,99.4,112.5,13.1,100.0,1023,1,ramp61%,1099
18,99.8,112.6,12.8,100.0,1023,1,ramp61%,1101
18,99.9,112.7,12.8,100.0,1023,1,ramp61%,1103
18,100.5,112.8,12.3,100.0,1023,1,ramp62%,1105
18,100.7,112.9,12.2,100.0,1023,1,ramp62%,1107
18,101.1,113.0,11.9,100.0,1023,1,ramp62%,1109
18,101.5,113.1,11.6,100.0,1023,1,ramp62%,1111
18,101.9,113.2,11.3,100.0,1023,1,ramp62%,1113
18,102.1,113.4,11.3,100.0,1023,1,ramp62%,1115
18,102.5,113.5,11.0,100.0,1023,1,ramp62%,1117
18,102.9,113.6,10.7,100.0,1023,1,ramp62%,1119
18,103.3,113.7,10.4,100.0,1023,1,ramp62%,1121
18,103.6,113.8,10.2,100.0,1023,1,ramp63%,1123
18,104.0,113.9,9.9,100.0,1023,1,ramp63%,1125
18,104.3,114.0,9.7,100.0,1023,1,ramp63%,1127
18,104.9,114.1,9.2,100.0,1023,1,ramp63%,1129
18,105.0,114.2,9.2,100.0,1023,1,ramp63%,1132
18,105.4,114.3,8.9,100.0,1023,1,ramp63%,1134
18,105.8,114.5,8.7,100.0,1023,1,ramp63%,1136
18,106.2,114.6,8.4,100.0,1023,1,ramp63%,1138
19,106.6,114.7,8.1,100.0,1023,1,ramp63%,1140
19,106.9,114.8,7.9,100.0,1023,1,ramp64%,1142
19,107.3,114.9,7.6,100.0,1023,1,ramp64%,1144
19,107.5,115.0,7.5,100.0,1023,1,ramp64%,1146
19,108.0,115.1,7.1,100.0,1023,1,ramp64%,1148
19,108.4,115.2,6.8,100.0,1023,1,ramp64%,1150
19,108.8,115.3,6.5,100.0,1023,1,ramp64%,1152
19,109.1,115.5,6.4,100.0,1023,1,ramp64%,1154
19,109.5,115.6,6.1,100.0,1023,1,ramp64%,1156
19,109.8,115.7,5.9,100.0,1023,1,ramp64%,1158
19,110.2,115.8,5.6,100.0,1023,1,ramp65%,1160
19,110.5,115.9,5.4,100.0,1023,1,ramp65%,1162
19,111.0,116.0,5.0,100.0,1023,1,ramp65%,1164
19,111.2,116.1,4.9,100.0,1023,1,ramp65%,1166
19,111.8,116.2,4.4,100.0,1023,1,ramp65%,1168
19,112.1,116.3,4.2,100.0,1023,1,ramp65%,1170
19,112.5,116.5,4.0,100.0,1023,1,ramp65%,1172
19,112.8,116.6,3.8,100.0,1023,1,ramp65%,1174
19,113.2,116.7,3.5,100.0,1023,1,ramp65%,1176
19,113.6,116.8,3.2,100.0,1023,1,ramp66%,1178
19,114.0,116.9,2.9,100.0,1023,1,ramp66%,1180
19,114.4,117.0,2.6,100.0,1023,1,ramp66%,1182
19,114.8,117.1,2.3,100.0,1023,1,ramp66%,1184
19,115.2,117.2,2.0,100.0,1023,1,ramp66%,1186
19,115.6,117.3,1.7,100.0,1023,1,ramp66%,1188
19,116.1,117.4,1.3,100.0,1023,1,ramp66%,1190
19,116.2,117.6,1.4,100.0,1023,1,ramp66%,1192
19,116.8,117.7,0.9,100.0,1023,1,ramp67%,1194
19,117.1,117.8,0.7,100.0,1023,1,ramp67%,1196
19,117.6,117.9,0.3,100.0,1023,1,ramp67%,1198
20,117.9,118.0,0.1,100.0,1023,1,ramp67%,1200
20,118.2,118.1,-0.1,100.0,1023,1,ramp67%,1202
20,118.6,118.2,-0.4,100.0,1023,1,ramp67%,1204
20,119.0,118.3,-0.7,100.0,1023,1,ramp67%,1206
20,119.5,118.4,-1.1,100.0,1023,1,ramp67%,1208
20,119.8,118.6,-1.2,100.0,1023,1,ramp67%,1210
20,120.2,118.7,-1.5,100.0,1023,1,ramp68%,1212
20,120.6,118.8,-1.8,100.0,1023,1,ramp68%,1214
20,121.1,118.9,-2.2,100.0,1023,1,ramp68%,1216
20,121.4,119.0,-2.4,100.0,1023,1,ramp68%,1218
20,121.8,119.1,-2.7,100.0,1023,1,ramp68%,1220
20,122.2,119.2,-3.0,100.0,1023,1,ramp68%,1222
20,122.7,119.3,-3.4,100.0,1023,1,ramp68%,1224
20,123.1,119.4,-3.7,100.0,1023,1,ramp68%,1226
20,123.4,119.6,-3.8,100.0,1023,1,ramp68%,1228
20,123.8,119.7,-4.1,100.0,1023,1,ramp69%,1230
20,124.2,119.8,-4.4,100.0,1023,1,ramp69%,1232
20,124.6,119.9,-4.7,100.0,1023,1,ramp69%,1234
20,125.1,120.0,-5.1,100.0,1023,1,ramp69%,1236
20,125.5,120.1,-5.4,100.0,1023,1,ramp69%,1238
20,125.8,120.2,-5.6,100.0,1023,1,ramp69%,1240
20,126.1,120.3,-5.8,100.0,1023,1,ramp69%,1242
20,126.7,120.4,-6.3,100.0,1023,1,ramp69%,1244
20,127.1,120.5,-6.6,100.0,1023,1,ramp69%,1246
20,127.4,120.7,-6.7,100.0,1023,1,ramp70%,1248
20,127.9,120.8,-7.1,100.0,1023,1,ramp70%,1250
20,128.2,120.9,-7.3,100.0,1023,1,ramp70%,1252
20,128.5,121.0,-7.5,100.0,1023,1,ramp70%,1254
20,128.9,121.1,-7.8,100.0,1023,1,ramp70%,1256
20,129.5,121.2,-8.3,100.0,1023,1,ramp70%,1258
21,129.9,121.3,-8.6,100.0,1023,1,ramp70%,1260
21,130.3,121.4,-8.9,100.0,1023,1,ramp70%,1262
21,130.7,121.5,-9.2,100.0,1023,1,ramp70%,1264
21,131.0,121.7,-9.3,100.0,1023,1,ramp71%,1266
21,131.5,121.8,-9.7,100.0,1023,1,ramp71%,1268
21,131.9,121.9,-10.0,100.0,1023,1,ramp71%,1270
21,132.4,122.0,-10.4,100.0,1023,1,ramp71%,1272
21,132.7,122.1,-10.6,100.0,1023,1,ramp71%,1274
21,133.2,122.2,-11.0,100.0,1023,1,ramp71%,1276
21,133.7,122.3,-11.4,100.0,1023,1,ramp71%,1278
21,134.1,122.4,-11.7,100.0,1023,1,ramp71%,1280
21,134.4,122.5,-11.9,100.0,1023,1,ramp71%,1282
21,134.8,122.7,-12.1,100.0,1023,1,ramp72%,1284
21,135.3,122.8,-12.5,100.0,1023,1,ramp72%,1286
21,135.5,122.9,-12.6,100.0,1023,1,ramp72%,1288
21,136.2,123.0,-13.2,100.0,1023,1,ramp72%,1290
21,136.5,123.1,-13.4,100.0,1023,1,ramp72%,1292
21,137.0,123.2,-13.8,100.0,1023,1,ramp72%,1294
21,137.4,123.3,-14.1,100.0,1023,1,ramp72%,1296
21,137.7,123.4,-14.3,100.0,1023,1,ramp72%,1298
21,138.3,123.5,-14.8,100.0,1023,1,ramp72%,1301
21,138.6,123.6,-15.0,100.0,1023,1,ramp73%,1303
21,139.0,123.8,-15.2,100.0,1023,1,ramp73%,1305
21,139.5,123.9,-15.6,100.0,1023,1,ramp73%,1307
21,139.8,124.0,-15.8,100.0,1023,1,ramp73%,1309
21,140.3,124.1,-16.2,100.0,1023,1,ramp73%,1311
21,140.7,124.2,-16.5,100.0,1023,1,ramp73%,1313
21,141.2,124.3,-16.9,100.0,1023,1,ramp73%,1315
21,141.6,124.4,-17.2,100.0,1023,1,ramp73%,1317
21,142.1,124.5,-17.6,100.0,1023,1,ramp74%,1319
22,142.4,124.6,-17.8,100.0,1023,1,ramp74%,1321
22,143.0,124.8,-18.2,100.0,1023,1,ramp74%,1323
22,143.3,124.9,-18.4,100.0,1023,1,ramp74%,1325
22,143.7,125.0,-18.7,100.0,1023,1,ramp74%,1327
22,144.2,125.1,-19.1,100.0,1023,1,ramp74%,1329
22,144.6,125.2,-19.4,100.0,1023,1,ramp74%,1331
22,144.9,125.3,-19.6,100.0,1023,1,ramp74%,1333
22,145.4,125.4,-20.0,100.0,1023,1,ramp74%,1335
22,146.0,125.5,-20.5,100.0,1023,1,ramp75%,1337
22,146.3,125.6,-20.7,100.0,1023,1,ramp75%,1339
22,146.7,125.8,-20.9,100.0,1023,1,ramp75%,1341
22,147.2,125.9,-21.3,100.0,1023,1,ramp75%,1343
22,147.6,126.0,-21.6,100.0,1023,1,ramp75%,1345
22,147.9,126.1,-21.8,100.0,1023,1,ramp75%,1347
22,148.4,126.2,-22.2,100.0,1023,1,ramp75%,1349
22,148.9,126.3,-22.6,100.0,1023,1,ramp75%,1351
22,149.4,126.4,-23.0,100.0,1023,1,ramp75%,1353
22,149.8,126.5,-23.3,100.0,1023,1,ramp76%,1355
22,150.2,126.6,-23.6,100.0,1023,1,ramp76%,1357
22,150.6,126.7,-23.9,100.0,1023,1,ramp76%,1359
22,151.0,126.9,-24.1,100.0,1023,1,ramp76%,1361
22,151.6,127.0,-24.6,100.0,1023,1,ramp76%,1363
22,152.0,127.1,-24.9,100.0,1023,1,ramp76%,1365
22,152.4,127.2,-25.2,100.0,1023,1,ramp76%,1367
22,152.9,127.3,-25.6,100.0,1023,1,ramp76%,1369
22,153.3,127.4,-25.9,100.0,1023,1,ramp76%,1371
22,153.7,127.5,-26.2,100.0,1023,1,ramp77%,1373
22,154.2,127.6,-26.6,100.0,1023,1,ramp77%,1375
22,154.6,127.7,-26.9,100.0,1023,1,ramp77%,1377
22,155.0,127.9,-27.1,100.0,1023,1,ramp77%,1379
23,155.4,128.0,-27.4,100.0,1023,1,ramp77%,1381
23,155.9,128.1,-27.8,100.0,1023,1,ramp77%,1383
23,156.3,128.2,-28.1,100.0,1023,1,ramp77%,1385
23,156.8,128.3,-28.5,100.0,1023,1,ramp77%,1387
23,157.2,128.4,-28.8,100.0,1023,1,ramp77%,1389
23,157.7,128.5,-29.2,100.0,1023,1,ramp78%,1391
23,158.1,128.6,-29.5,100.0,1023,1,ramp78%,1393
23,158.5,128.7,-29.8,100.0,1023,1,ramp78%,1395
23,159.1,128.9,-30.2,100.0,1023,1,ramp78%,1397
23,159.5,129.0,-30.5,100.0,1023,1,ramp78%,1399
23,159.8,129.1,-30.7,100.0,1023,1,ramp78%,1401
23,160.3,129.2,-31.1,100.0,1023,1,ramp78%,1403
23,160.7,129.3,-31.4,100.0,1023,1,ramp78%,1405
23,161.2,129.4,-31.8,100.0,1023,1,ramp78%,1407
23,161.8,129.5,-32.3,100.0,1023,1,ramp79%,1409
23,162.1,129.6,-32.5,100.0,1023,1,ramp79%,1411
23,162.5,129.7,-32.8,100.0,1023,1,ramp79%,1413
23,163.0,129.8,-33.2,100.0,1023,1,ramp79%,1415
23,163.5,130.0,-33.5,100.0,1023,1,ramp79%,1417
23,163.8,130.1,-33.7,100.0,1023,1,ramp79%,1419
23,164.3,130.2,-34.1,100.0,1023,1,ramp79%,1421
23,164.7,130.3,-34.4,100.0,1023,1,ramp79%,1423
23,165.2,130.4,-34.8,100.0,1023,1,ramp80%,1425
23,165.6,130.5,-35.1,100.0,1023,1,ramp80%,1427
23,166.0,130.6,-35.4,100.0,1023,1,ramp80%,1429
23,166.5,130.7,-35.8,100.0,1023,1,ramp80%,1431
23,167.0,130.8,-36.2,100.0,1023,1,ramp80%,1433
23,167.4,131.0,-36.4,100.0,1023,1,ramp80%,1435
23,167.9,131.1,-36.8,100.0,1023,1,ramp80%,1437
23,168.2,131.2,-37.0,100.0,1023,1,ramp80%,1439
24,168.7,131.3,-37.4,100.0,1023,1,ramp80%,1441
24,169.2,131.4,-37.8,100.0,1023,1,ramp81%,1443
24,169.7,131.5,-38.2,100.0,1023,1,ramp81%,1445
24,170.1,131.6,-38.5,100.0,1023,1,ramp81%,1447
24,170.6,131.7,-38.9,100.0,1023,1,ramp81%,1449
24,171.0,131.8,-39.2,100.0,1023,1,ramp81%,1451
24,171.4,132.0,-39.4,100.0,1023,1,ramp81%,1453
24,171.9,132.1,-39.8,100.0,1023,1,ramp81%,1455
24,172.3,132.2,-40.1,100.0,1023,1,ramp81%,1457
24,172.8,132.3,-40.5,100.0,1023,1,ramp81%,1459
24,173.2,132.4,-40.8,100.0,1023,1,ramp82%,1461
24,173.7,132.5,-41.2,100.0,1023,1,ramp82%,1463
24,174.1,132.6,-41.5,100.0,1023,1,ramp82%,1465
24,174.6,132.7,-41.9,100.0,1023,1,ramp82%,1468
24,175.0,132.8,-42.2,100.0,1023,1,ramp82%,1470
24,175.4,132.9,-42.5,100.0,1023,1,ramp82%,1472
24,175.9,133.1,-42.8,100.0,1023,1,ramp82%,1474
24,176.5,133.2,-43.3,100.0,1023,1,ramp82%,1476
24,176.9,133.3,-43.6,100.0,1023,1,ramp82%,1478
24,177.2,133.4,-43.8,100.0,1023,1,ramp83%,1480
24,177.8,133.5,-44.3,100.0,1023,1,ramp83%,1482
24,178.2,133.6,-44.6,100.0,1023,1,ramp83%,1484
24,178.7,133.7,-45.0,100.0,1023,1,ramp83%,1486
24,179.0,133.8,-45.2,100.0,1023,1,ramp83%,1488
24,179.7,133.9,-45.8,100.0,1023,1,ramp83%,1490
24,180.0,134.1,-45.9,100.0,1023,1,ramp83%,1492
24,180.3,134.2,-46.1,100.0,1023,1,ramp83%,1494
24,181.0,134.3,-46.7,100.0,1023,1,ramp83%,1496
24,181.3,134.4,-46.9,100.0,1023,1,ramp84%,1498
25,181.8,134.5,-47.3,100.0,1023,1,ramp84%,1500
25,182.4,134.6,-47.8,100.0,1023,1,ramp84%,1502
25,182.7,134.7,-48.0,100.0,1023,1,ramp84%,1504
25,183.2,134.8,-48.4,100.0,1023,1,ramp84%,1506
25,183.6,134.9,-48.7,100.0,1023,1,ramp84%,1508
25,184.1,135.1,-49.0,100.0,1022,1,ramp84%,1510
25,184.6,135.2,-49.4,99.0,1013,1,ramp84%,1512
25,185.1,135.3,-49.8,98.1,1003,1,ramp84%,1514
25,185.4,135.4,-50.0,97.3,995,1,ramp85%,1516
25,186.0,135.5,-50.5,96.2,984,1,ramp85%,1518
25,186.5,135.6,-50.9,95.3,974,1,ramp85%,1520
25,187.0,135.7,-51.3,94.3,964,1,ramp85%,1522
25,187.4,135.8,-51.6,93.4,955,1,ramp85%,1524
25,187.8,135.9,-51.9,92.5,946,1,ramp85%,1526
25,188.4,136.0,-52.4,91.4,935,1,ramp85%,1528
25,188.8,136.2,-52.6,90.5,926,1,ramp85%,1530
25,189.2,136.3,-52.9,89.6,916,1,ramp85%,1532
25,189.5,136.4,-53.1,88.7,907,1,ramp86%,1534
25,190.0,136.5,-53.5,87.6,896,1,ramp86%,1536
25,190.5,136.6,-53.9,86.7,886,1,ramp86%,1538
25,191.1,136.7,-54.4,85.6,875,1,ramp86%,1540
25,191.4,136.8,-54.6,84.7,866,1,ramp86%,1542
25,191.9,136.9,-55.0,83.6,855,1,ramp86%,1544
25,192.4,137.0,-55.4,82.6,845,1,ramp86%,1546
25,192.8,137.2,-55.6,81.7,835,1,ramp86%,1548
25,193.3,137.3,-56.0,80.6,824,1,ramp87%,1550
25,193.7,137.4,-56.3,79.6,814,1,ramp87%,1552
25,194.2,137.5,-56.7,78.6,803,1,ramp87%,1554
25,194.7,137.6,-57.1,77.5,793,1,ramp87%,1556
25,195.2,137.7,-57.5,76.5,782,1,ramp87%,1558
26,195.6,137.8,-57.8,75.5,772,1,ramp87%,1560
26,196.2,137.9,-58.3,74.3,760,1,ramp87%,1562
26,196.6,138.0,-58.6,73.3,750,1,ramp87%,1564
26,197.0,138.2,-58.8,72.3,739,1,ramp87%,1566
26,197.6,138.3,-59.3,71.1,727,1,ramp88%,1568
26,197.8,138.4,-59.4,70.3,718,1,ramp88%,1570
26,198.4,138.5,-59.9,69.0,706,1,ramp88%,1572
26,198.9,138.6,-60.3,68.0,695,1,ramp88%,1574
26,199.2,138.7,-60.5,67.0,685,1,ramp88%,1576
26,199.8,138.8,-61.0,65.8,672,1,ramp88%,1578
26,200.2,138.9,-61.3,64.8,662,1,ramp88%,1580
26,200.8,139.0,-61.8,63.5,650,1,ramp88%,1582
26,201.2,139.1,-62.1,62.5,639,1,ramp88%,1584
26,201.7,139.3,-62.4,61.4,627,1,ramp89%,1586
26,202.1,139.4,-62.7,60.3,616,1,ramp89%,1588
26,202.6,139.5,-63.1,59.1,604,1,ramp89%,1590
26,203.1,139.6,-63.5,58.0,593,1,ramp89%,1592
26,203.5,139.7,-63.8,56.9,582,1,ramp89%,1594
26,204.0,139.8,-64.2,55.7,570,1,ramp89%,1596
26,204.4,139.9,-64.5,54.6,558,1,ramp89%,1598
26,204.9,140.0,-64.9,53.4,546,1,ramp89%,1600
26,205.4,140.1,-65.3,52.3,534,1,ramp89%,1602
26,205.8,140.3,-65.5,51.2,523,1,ramp90%,1604
26,206.3,140.4,-65.9,50.0,511,1,ramp90%,1606
26,206.8,140.5,-66.3,48.8,499,1,ramp90%,1608
26,207.2,140.6,-66.6,47.7,487,1,ramp90%,1610
26,207.6,140.7,-66.9,46.5,475,1,ramp90%,1612
26,208.1,140.8,-67.3,45.3,463,1,ramp90%,1614
26,208.7,140.9,-67.8,44.0,450,1,ramp90%,1616
26,209.0,141.0,-68.0,43.0,439,1,ramp90%,1618
27,209.6,141.1,-68.5,41.6,425,1,ramp90%,1620
27,209.9,141.3,-68.6,40.6,415,1,ramp91%,1622
27,210.4,141.4,-69.0,39.3,401,1,ramp91%,1624
27,210.9,141.5,-69.4,38.1,389,1,ramp91%,1626
27,211.4,141.6,-69.8,36.8,376,1,ramp91%,1628
27,212.0,141.7,-70.3,35.5,363,1,ramp91%,1630
27,212.4,141.8,-70.6,34.4,351,1,ramp91%,1632
27,212.8,141.9,-70.9,33.1,339,1,ramp91%,1635
27,213.3,142.0,-71.3,31.9,326,1,ramp91%,1637
27,213.7,142.1,-71.6,30.7,313,1,ramp91%,1639
27,214.2,142.2,-72.0,29.4,300,1,ramp92%,1641
27,214.6,142.4,-72.2,28.2,288,1,ramp92%,1643
27,215.2,142.5,-72.7,26.8,274,1,ramp92%,1645
27,215.6,142.6,-73.0,25.6,262,1,ramp92%,1647
27,216.1,142.7,-73.4,24.3,248,0,ramp92%,1649
27,216.6,142.8,-73.8,23.0,235,0,ramp92%,1651
27,217.1,142.9,-74.2,21.7,222,0,ramp92%,1653
27,217.5,143.0,-74.5,20.5,209,0,ramp92%,1655
27,218.0,143.1,-74.9,19.1,195,0,ramp92%,1657
27,218.4,143.2,-75.2,17.9,183,0,ramp93%,1659
27,218.9,143.4,-75.5,16.5,169,0,ramp93%,1661
27,219.3,143.5,-75.8,15.3,156,0,ramp93%,1663
27,219.9,143.6,-76.3,13.9,141,0,ramp93%,1665
27,220.2,143.7,-76.5,12.7,129,0,ramp93%,1667
27,220.8,143.8,-77.0,11.2,114,0,ramp93%,1669
27,221.4,143.9,-77.5,9.9,100,0,ramp93%,1671
27,221.6,144.0,-77.6,8.7,89,0,ramp93%,1673
27,222.3,144.1,-78.2,7.1,73,0,ramp94%,1675
27,222.7,144.2,-78.5,5.9,60,0,ramp94%,1677
27,223.1,144.3,-78.8,4.6,46,0,ramp94%,1679
28,223.6,144.5,-79.1,3.2,32,0,ramp94%,1681
28,224.1,144.6,-79.5,1.8,18,0,ramp94%,1683
28,224.5,144.7,-79.8,0.5,4,0,ramp94%,1685
28,225.0,144.8,-80.2,0.0,0,0,ramp94%,1687
28,225.5,144.9,-80.6,0.0,0,0,ramp94%,1689
28,226.0,145.0,-81.0,0.0,0,0,ramp94%,1691
28,226.4,145.1,-81.3,0.0,0,0,ramp95%,1693
28,226.9,145.2,-81.7,0.0,0,0,ramp95%,1695
28,227.3,145.3,-82.0,0.0,0,0,ramp95%,1697
28,227.8,145.5,-82.3,0.0,0,0,ramp95%,1699
28,228.2,145.6,-82.6,0.0,0,0,ramp95%,1701
28,228.7,145.7,-83.0,0.0,0,0,ramp95%,1703
28,229.1,145.8,-83.3,0.0,0,0,ramp95%,1705
28,229.6,145.9,-83.7,0.0,0,0,ramp95%,1707
28,230.0,146.0,-84.0,0.0,0,0,ramp95%,1709
28,230.5,146.1,-84.4,0.0,0,0,ramp96%,1711
28,231.0,146.2,-84.8,0.0,0,0,ramp96%,1713
28,231.5,146.3,-85.2,0.0,0,0,ramp96%,1715
28,232.0,146.5,-85.5,0.0,0,0,ramp96%,1717
28,232.4,146.6,-85.8,0.0,0,0,ramp96%,1719
28,232.8,146.7,-86.1,0.0,0,0,ramp96%,1721
28,233.3,146.8,-86.5,0.0,0,0,ramp96%,1723
28,233.8,146.9,-86.9,0.0,0,0,ramp96%,1725
28,234.3,147.0,-87.3,0.0,0,0,ramp96%,1727
28,234.8,147.1,-87.7,0.0,0,0,ramp97%,1729
28,235.1,147.2,-87.9,0.0,0,0,ramp97%,1731
28,235.7,147.3,-88.4,0.0,0,0,ramp97%,1733
28,236.1,147.4,-88.7,0.0,0,0,ramp97%,1735
28,236.5,147.6,-88.9,0.0,0,0,ramp97%,1737
28,237.0,147.7,-89.3,0.0,0,0,ramp97%,1739
29,237.5,147.8,-89.7,0.0,0,0,ramp97%,1741
29,237.9,147.9,-90.0,0.0,0,0,ramp97%,1743
29,238.3,148.0,-90.3,0.0,0,0,ramp97%,1745
29,238.9,148.1,-90.8,0.0,0,0,ramp98%,1747
29,239.4,148.2,-91.2,0.0,0,0,ramp98%,1749
29,239.8,148.3,-91.5,0.0,0,0,ramp98%,1751
29,240.1,148.4,-91.7,0.0,0,0,ramp98%,1753
29,240.7,148.6,-92.1,0.0,0,0,ramp98%,1755
29,241.1,148.7,-92.4,0.0,0,0,ramp98%,1757
29,241.5,148.8,-92.7,0.0,0,0,ramp98%,1759
29,242.1,148.9,-93.2,0.0,0,0,ramp98%,1761
29,242.4,149.0,-93.4,0.0,0,0,ramp98%,1763
29,243.0,149.1,-93.9,0.0,0,0,ramp99%,1765
29,243.3,149.2,-94.1,0.0,0,0,ramp99%,1767
29,243.8,149.3,-94.5,0.0,0,0,ramp99%,1769
29,244.1,149.4,-94.7,0.0,0,0,ramp99%,1771
29,244.7,149.6,-95.1,0.0,0,0,ramp99%,1773
29,245.1,149.7,-95.4,0.0,0,0,ramp99%,1775
29,245.5,149.8,-95.7,0.0,0,0,ramp99%,1777
29,245.9,149.9,-96.0,0.0,0,0,ramp99%,1779
29,246.4,150.0,-96.4,0.0,0,0,ramp99%,1781
29,246.8,241.0,-5.8,0.0,0,0,hold,1783
29,247.2,241.0,-6.2,0.0,0,0,hold,1785
29,247.8,241.0,-6.8,0.0,0,0,hold,1787
29,248.1,241.0,-7.1,0.0,0,0,hold,1789
29,248.4,241.0,-7.4,0.0,0,0,hold,1791
29,249.0,241.0,-8.0,0.0,0,0,hold,1793
29,249.3,241.0,-8.3,0.0,0,0,hold,1795
29,249.7,241.0,-8.7,0.0,0,0,hold,1797
29,250.2,241.0,-9.2,0.0,0,0,hold,1799
30,250.6,241.0,-9.6,0.0,0,0,hold,1801
30,251.1,241.0,-10.1,0.0,0,0,hold,1803
30,251.4,241.0,-10.4,0.0,0,0,hold,1805
30,251.8,241.0,-10.8,0.0,0,0,hold,1808
30,252.3,241.0,-11.3,0.0,0,0,hold,1810
30,252.8,241.0,-11.8,0.0,0,0,hold,1812
30,253.2,241.0,-12.2,0.0,0,0,hold,1814
30,253.6,241.0,-12.6,0.0,0,0,hold,1816
30,254.0,241.0,-13.0,0.0,0,0,hold,1818
30,254.5,241.0,-13.5,0.0,0,0,hold,1820
30,254.8,241.0,-13.8,0.0,0,0,hold,1822
30,255.3,241.0,-14.3,0.0,0,0,hold,1824
30,255.6,241.0,-14.6,0.0,0,0,hold,1826
30,256.0,241.0,-15.0,0.0,0,0,hold,1828
30,256.5,241.0,-15.5,0.0,0,0,hold,1830
30,256.9,241.0,-15.9,0.0,0,0,hold,1832
30,257.2,241.0,-16.2,0.0,0,0,hold,1834
30,257.7,241.0,-16.7,0.0,0,0,hold,1836
30,258.1,241.0,-17.1,0.0,0,0,hold,1838
30,258.4,241.0,-17.4,0.0,0,0,hold,1840
30,258.8,241.0,-17.8,0.0,0,0,hold,1842
30,259.3,241.0,-18.3,0.0,0,0,hold,1844
30,259.6,241.0,-18.6,0.0,0,0,hold,1846
30,260.1,241.0,-19.1,0.0,0,0,hold,1848
30,260.4,241.0,-19.4,0.0,0,0,hold,1850
30,260.8,241.0,-19.8,0.0,0,0,hold,1852
30,261.2,241.0,-20.2,0.0,0,0,hold,1854
30,261.7,241.0,-20.7,0.0,0,0,hold,1856
30,262.0,241.0,-21.0,0.0,0,0,hold,1858
31,262.4,241.0,-21.4,0.0,0,0,hold,1860
31,262.8,241.0,-21.8,0.0,0,0,hold,1862
31,263.1,241.0,-22.1,0.0,0,0,hold,1864
31,263.5,241.0,-22.5,0.0,0,0,hold,1866
31,263.9,241.0,-22.9,0.0,0,0,hold,1868
31,264.2,241.0,-23.2,0.0,0,0,hold,1870
31,264.6,241.0,-23.6,0.0,0,0,hold,1872
31,265.0,241.0,-24.0,0.0,0,0,hold,1874
31,265.4,241.0,-24.4,0.0,0,0,hold,1876
31,265.8,241.0,-24.8,0.0,0,0,hold,1878
31,266.1,241.0,-25.1,0.0,0,0,hold,1880
31,266.4,241.0,-25.4,0.0,0,0,hold,1882
31,266.8,241.0,-25.8,0.0,0,0,hold,1884
31,267.1,241.0,-26.1,0.0,0,0,hold,1886
31,267.6,241.0,-26.6,0.0,0,0,hold,1888
31,268.0,241.0,-27.0,0.0,0,0,hold,1890
31,268.2,241.0,-27.2,0.0,0,0,hold,1892
31,268.6,241.0,-27.6,0.0,0,0,hold,1894
31,269.0,241.0,-28.0,0.0,0,0,hold,1896
31,269.3,241.0,-28.3,0.0,0,0,hold,1898
31,269.7,241.0,-28.7,0.0,0,0,hold,1900
31,270.0,241.0,-29.0,0.0,0,0,hold,1902
31,270.4,241.0,-29.4,0.0,0,0,hold,1904
31,270.8,241.0,-29.8,0.0,0,0,hold,1906
31,271.1,241.0,-30.1,0.0,0,0,hold,1908
31,271.3,241.0,-30.3,0.0,0,0,hold,1910
31,271.7,241.0,-30.7,0.0,0,0,hold,1912
31,272.0,241.0,-31.0,0.0,0,0,hold,1914
31,272.3,241.0,-31.3,0.0,0,0,hold,1916
31,272.8,241.0,-31.8,0.0,0,0,hold,1918
32,273.0,241.0,-32.0,0.0,0,0,hold,1920
32,273.4,241.0,-32.4,0.0,0,0,hold,1922
32,273.7,241.0,-32.7,0.0,0,0,hold,1924
32,274.1,241.0,-33.1,0.0,0,0,hold,1926
32,274.5,241.0,-33.5,0.0,0,0,hold,1928
32,274.8,241.0,-33.8,0.0,0,0,hold,1930
32,275.1,241.0,-34.1,0.0,0,0,hold,1932
32,275.3,241.0,-34.3,0.0,0,0,hold,1934
32,275.7,241.0,-34.7,0.0,0,0,hold,1936
32,276.0,241.0,-35.0,0.0,0,0,hold,1938
32,276.3,241.0,-35.3,0.0,0,0,hold,1940
32,276.6,241.0,-35.6,0.0,0,0,hold,1942
32,276.9,241.0,-35.9,0.0,0,0,hold,1944
32,277.2,241.0,-36.2,0.0,0,0,hold,1946
32,277.6,241.0,-36.6,0.0,0,0,hold,1948
32,277.9,241.0,-36.9,0.0,0,0,hold,1950
32,278.2,241.0,-37.2,0.0,0,0,hold,1952
32,278.5,241.0,-37.5,0.0,0,0,hold,1954
32,278.8,241.0,-37.8,0.0,0,0,hold,1956
32,279.1,241.0,-38.1,0.0,0,0,hold,1958
32,279.4,241.0,-38.4,0.0,0,0,hold,1960
32,279.8,241.0,-38.8,0.0,0,0,hold,1962
32,280.0,241.0,-39.0,0.0,0,0,hold,1964
32,280.3,241.0,-39.3,0.0,0,0,hold,1966
32,280.7,241.0,-39.7,0.0,0,0,hold,1968
32,281.0,241.0,-40.0,0.0,0,0,hold,1970
32,281.2,241.0,-40.2,0.0,0,0,hold,1972
32,281.4,241.0,-40.4,0.0,0,0,hold,1974
32,281.9,241.0,-40.9,0.0,0,0,hold,1976
32,282.0,241.0,-41.0,0.0,0,0,hold,1978
33,282.3,241.0,-41.3,0.0,0,0,hold,1980
33,282.7,241.0,-41.7,0.0,0,0,hold,1982
33,283.0,241.0,-42.0,0.0,0,0,hold,1984
33,283.2,241.0,-42.2,0.0,0,0,hold,1986
33,283.5,241.0,-42.5,0.0,0,0,hold,1988
33,283.7,241.0,-42.7,0.0,0,0,hold,1990
33,284.1,241.0,-43.1,0.0,0,0,hold,1993
33,284.3,241.0,-43.3,0.0,0,0,hold,1995
33,284.6,241.0,-43.6,0.0,0,0,hold,1997
33,284.8,241.0,-43.8,0.0,0,0,hold,1999
33,285.1,241.0,-44.1,0.0,0,0,hold,2001
33,285.3,241.0,-44.3,0.0,0,0,hold,2003
33,285.6,241.0,-44.6,0.0,0,0,hold,2005
33,286.0,241.0,-45.0,0.0,0,0,hold,2007
33,286.2,241.0,-45.2,0.0,0,0,hold,2009
33,286.3,241.0,-45.3,0.0,0,0,hold,2011
33,286.8,241.0,-45.8,0.0,0,0,hold,2013
33,287.1,241.0,-46.1,0.0,0,0,hold,2015
33,287.2,241.0,-46.2,0.0,0,0,hold,2017
33,287.5,241.0,-46.5,0.0,0,0,hold,2019
33,287.8,241.0,-46.8,0.0,0,0,hold,2021
33,288.0,241.0,-47.0,0.0,0,0,hold,2023
33,288.1,241.0,-47.1,0.0,0,0,hold,2025
33,288.5,241.0,-47.5,0.0,0,0,hold,2027
33,288.7,241.0,-47.7,0.0,0,0,hold,2029
33,289.0,241.0,-48.0,0.0,0,0,hold,2031
33,289.2,241.0,-48.2,0.0,0,0,hold,2033
33,289.4,241.0,-48.4,0.0,0,0,hold,2035
33,289.6,241.0,-48.6,0.0,0,0,hold,2037
33,290.0,241.0,-49.0,0.0,0,0,hold,2039
34,290.1,241.0,-49.1,0.0,0,0,hold,2041
34,290.5,241.0,-49.5,0.0,0,0,hold,2043
34,290.7,241.0,-49.7,0.0,0,0,hold,2045
34,290.9,241.0,-49.9,0.0,0,0,hold,2047
34,291.1,241.0,-50.1,0.0,0,0,hold,2049
34,291.3,241.0,-50.3,0.0,0,0,hold,2051
34,291.6,241.0,-50.6,0.0,0,0,hold,2053
34,291.8,241.0,-50.8,0.0,0,0,hold,2055
34,292.0,241.0,-51.0,0.0,0,0,hold,2057
34,292.2,241.0,-51.2,0.0,0,0,hold,2059
34,292.5,241.0,-51.5,0.0,0,0,hold,2061
34,292.6,241.0,-51.6,0.0,0,0,hold,2063
34,292.9,241.0,-51.9,0.0,0,0,hold,2065
34,293.0,241.0,-52.0,0.0,0,0,hold,2067
34,293.3,241.0,-52.3,0.0,0,0,hold,2069
34,293.4,241.0,-52.4,0.0,0,0,hold,2071
34,293.7,241.0,-52.7,0.0,0,0,hold,2073
34,293.9,241.0,-52.9,0.0,0,0,hold,2075
34,294.1,241.0,-53.1,0.0,0,0,hold,2077
34,294.3,241.0,-53.3,0.0,0,0,hold,2079
34,294.5,241.0,-53.5,0.0,0,0,hold,2081
34,294.6,241.0,-53.6,0.0,0,0,hold,2083
34,294.9,241.0,-53.9,0.0,0,0,hold,2085
34,295.1,241.0,-54.1,0.0,0,0,hold,2087
34,295.4,241.0,-54.4,0.0,0,0,hold,2089
34,295.5,241.0,-54.5,0.0,0,0,hold,2091
34,295.7,241.0,-54.7,0.0,0,0,hold,2093
34,295.9,241.0,-54.9,0.0,0,0,hold,2095
34,296.1,241.0,-55.1,0.0,0,0,hold,2097
34,296.3,241.0,-55.3,0.0,0,0,hold,2099
35,296.5,241.0,-55.5,0.0,0,0,hold,2101
35,296.7,241.0,-55.7,0.0,0,0,hold,2103
35,296.9,241.0,-55.9,0.0,0,0,hold,2105
35,297.1,241.0,-56.1,0.0,0,0,hold,2107
35,297.3,241.0,-56.3,0.0,0,0,hold,2109
35,297.4,241.0,-56.4,0.0,0,0,hold,2111
35,297.5,241.0,-56.5,0.0,0,0,hold,2113
35,297.7,241.0,-56.7,0.0,0,0,hold,2115
35,297.9,241.0,-56.9,0.0,0,0,hold,2117
35,298.1,241.0,-57.1,0.0,0,0,hold,2119
35,298.3,241.0,-57.3,0.0,0,0,hold,2121
35,298.4,241.0,-57.4,0.0,0,0,hold,2123
35,298.6,241.0,-57.6,0.0,0,0,hold,2125
35,298.8,241.0,-57.8,0.0,0,0,hold,2127
35,299.0,241.0,-58.0,0.0,0,0,hold,2129
35,299.2,241.0,-58.2,0.0,0,0,hold,2131
35,299.2,241.0,-58.2,0.0,0,0,hold,2133
35,299.5,241.0,-58.5,0.0,0,0,hold,2135
35,299.5,241.0,-58.5,0.0,0,0,hold,2137
35,299.7,241.0,-58.7,0.0,0,0,hold,2139
35,299.9,241.0,-58.9,0.0,0,0,hold,2141
35,300.0,241.0,-59.0,0.0,0,0,hold,2143
35,300.4,241.0,-59.4,0.0,0,0,hold,2145
35,300.4,241.0,-59.4,0.0,0,0,hold,2147
35,300.6,241.0,-59.6,0.0,0,0,hold,2149
35,300.6,241.0,-59.6,0.0,0,0,hold,2151
35,300.9,241.0,-59.9,0.0,0,0,hold,2153
35,300.9,241.0,-59.9,0.0,0,0,hold,2155
35,301.1,241.0,-60.1,0.0,0,0,hold,2157
35,301.2,241.0,-60.2,0.0,0,0,hold,2159
36,301.4,241.0,-60.4,0.0,0,0,hold,2161
36,301.5,241.0,-60.5,0.0,0,0,hold,2163
36,301.7,241.0,-60.7,0.0,0,0,hold,2165
36,301.8,241.0,-60.8,0.0,0,0,hold,2167
36,301.9,241.0,-60.9,0.0,0,0,hold,2169
36,302.1,241.0,-61.1,0.0,0,0,hold,2172
36,302.2,241.0,-61.2,0.0,0,0,hold,2174
36,302.4,241.0,-61.4,0.0,0,0,hold,2176
36,302.6,241.0,-61.6,0.0,0,0,hold,2178
36,302.6,241.0,-61.6,0.0,0,0,hold,2180
36,302.8,241.0,-61.8,0.0,0,0,hold,2182
36,302.9,241.0,-61.9,0.0,0,0,hold,2184
36,303.1,241.0,-62.1,0.0,0,0,hold,2186
36,303.2,241.0,-62.2,0.0,0,0,hold,2188
36,303.5,241.0,-62.5,0.0,0,0,hold,2190
36,303.5,241.0,-62.5,0.0,0,0,hold,2192
36,303.7,241.0,-62.7,0.0,0,0,hold,2194
36,303.7,241.0,-62.7,0.0,0,0,hold,2196
36,304.0,241.0,-63.0,0.0,0,0,hold,2198
36,304.0,241.0,-63.0,0.0,0,0,hold,2200
36,304.1,241.0,-63.1,0.0,0,0,hold,2202
36,304.3,241.0,-63.3,0.0,0,0,hold,2204
36,304.3,241.0,-63.3,0.0,0,0,hold,2206
36,304.5,241.0,-63.5,0.0,0,0,hold,2208
36,304.7,241.0,-63.7,0.0,0,0,hold,2210
36,304.7,241.0,-63.7,0.0,0,0,hold,2212
36,304.8,241.0,-63.8,0.0,0,0,hold,2214
36,305.1,241.0,-64.1,0.0,0,0,hold,2216
36,305.2,241.0,-64.2,0.0,0,0,hold,2218
37,305.3,241.0,-64.3,0.0,0,0,hold,2220
37,305.4,241.0,-64.4,0.0,0,0,hold,2222
37,305.5,241.0,-64.5,0.0,0,0,hold,2224
37,305.6,241.0,-64.6,0.0,0,0,hold,2226
37,305.8,241.0,-64.8,0.0,0,0,hold,2228
37,305.8,241.0,-64.8,0.0,0,0,hold,2230
37,305.9,241.0,-64.9,0.0,0,0,hold,2232
37,306.0,241.0,-65.0,0.0,0,0,hold,2234
37,306.2,241.0,-65.2,0.0,0,0,hold,2236
37,306.2,241.0,-65.2,0.0,0,0,hold,2238
37,306.3,241.0,-65.3,0.0,0,0,hold,2240
37,306.4,241.0,-65.4,0.0,0,0,hold,2242
37,306.5,241.0,-65.5,0.0,0,0,hold,2244
37,306.6,241.0,-65.6,0.0,0,0,hold,2246
37,306.8,241.0,-65.8,0.0,0,0,hold,2248
37,306.8,241.0,-65.8,0.0,0,0,hold,2250
37,306.9,241.0,-65.9,0.0,0,0,hold,2252
37,307.1,241.0,-66.1,0.0,0,0,hold,2254
37,307.1,241.0,-66.1,0.0,0,0,hold,2256
37,307.3,241.0,-66.3,0.0,0,0,hold,2258
37,307.4,241.0,-66.4,0.0,0,0,hold,2260
37,307.5,241.0,-66.5,0.0,0,0,hold,2262
37,307.6,241.0,-66.6,0.0,0,0,hold,2264
37,307.7,241.0,-66.7,0.0,0,0,hold,2266
37,307.8,241.0,-66.8,0.0,0,0,hold,2268
37,307.9,241.0,-66.9,0.0,0,0,hold,2270
37,308.0,241.0,-67.0,0.0,0,0,hold,2272
37,308.1,241.0,-67.1,0.0,0,0,hold,2274
37,308.1,241.0,-67.1,0.0,0,0,hold,2276
37,308.3,241.0,-67.3,0.0,0,0,hold,2278
38,308.4,241.0,-67.4,0.0,0,0,hold,2280
38,308.4,241.0,-67.4,0.0,0,0,hold,2282
38,308.6,241.0,-67.6,0.0,0,0,hold,2284
38,308.7,241.0,-67.7,0.0,0,0,hold,2286
38,308.8,241.0,-67.8,0.0,0,0,hold,2288
38,308.9,241.0,-67.9,0.0,0,0,hold,2290
38,309.0,241.0,-68.0,0.0,0,0,hold,2292
38,309.0,241.0,-68.0,0.0,0,0,hold,2294
38,309.2,241.0,-68.2,0.0,0,0,hold,2296
38,309.2,241.0,-68.2,0.0,0,0,hold,2298
38,309.3,241.0,-68.3,0.0,0,0,hold,2300
38,309.4,241.0,-68.4,0.0,0,0,hold,2302
38,309.6,241.0,-68.6,0.0,0,0,hold,2304
38,309.7,241.0,-68.7,0.0,0,0,hold,2306
38,309.7,241.0,-68.7,0.0,0,0,hold,2308
38,309.8,241.0,-68.8,0.0,0,0,hold,2310
38,309.9,241.0,-68.9,0.0,0,0,hold,2312
38,310.1,241.0,-69.1,0.0,0,0,hold,2314
38,310.1,241.0,-69.1,0.0,0,0,hold,2316
38,310.1,241.0,-69.1,0.0,0,0,hold,2318
38,310.3,241.0,-69.3,0.0,0,0,hold,2320
38,310.4,241.0,-69.4,0.0,0,0,hold,2322
38,310.5,241.0,-69.5,0.0,0,0,hold,2324
38,310.5,241.0,-69.5,0.0,0,0,hold,2326
38,310.6,241.0,-69.6,0.0,0,0,hold,2328
38,310.6,241.0,-69.6,0.0,0,0,hold,2330
38,310.7,241.0,-69.7,0.0,0,0,hold,2332
38,310.8,241.0,-69.8,0.0,0,0,hold,2334
38,311.0,241.0,-70.0,0.0,0,0,hold,2336
38,311.0,241.0,-70.0,0.0,0,0,hold,2338
39,311.2,241.0,-70.2,0.0,0,0,hold,2340
39,311.2,241.0,-70.2,0.0,0,0,hold,2342
39,311.3,241.0,-70.3,0.0,0,0,hold,2344
39,311.3,241.0,-70.3,0.0,0,0,hold,2346
39,311.4,241.0,-70.4,0.0,0,0,hold,2348
39,311.5,241.0,-70.5,0.0,0,0,hold,2350
39,311.5,241.0,-70.5,0.0,0,0,hold,2352
39,311.7,241.0,-70.7,0.0,0,0,hold,2354
39,311.7,241.0,-70.7,0.0,0,0,hold,2356
39,311.7,241.0,-70.7,0.0,0,0,hold,2359
39,311.7,241.0,-70.7,0.0,0,0,hold,2361
39,312.0,241.0,-71.0,0.0,0,0,hold,2363
39,312.0,241.0,-71.0,0.0,0,0,hold,2365
39,312.1,241.0,-71.1,0.0,0,0,hold,2367
39,312.0,241.0,-71.0,0.0,0,0,hold,2369
39,312.1,241.0,-71.1,0.0,0,0,hold,2371
39,312.3,241.0,-71.3,0.0,0,0,hold,2373
39,312.3,241.0,-71.3,0.0,0,0,hold,2375
39,312.4,241.0,-71.4,0.0,0,0,hold,2377
39,312.4,241.0,-71.4,0.0,0,0,hold,2379
39,312.5,241.0,-71.5,0.0,0,0,hold,2381
39,312.5,241.0,-71.5,0.0,0,0,hold,2383
39,312.6,241.0,-71.6,0.0,0,0,hold,2385
39,312.6,241.0,-71.6,0.0,0,0,hold,2387
39,312.8,241.0,-71.8,0.0,0,0,hold,2389
39,312.8,241.0,-71.8,0.0,0,0,hold,2391
39,312.8,241.0,-71.8,0.0,0,0,hold,2393
39,313.0,241.0,-72.0,0.0,0,0,hold,2395
39,312.9,241.0,-71.9,0.0,0,0,hold,2397
39,313.0,241.0,-72.0,0.0,0,0,hold,2399
40,313.2,241.0,-72.2,0.0,0,0,hold,2401
40,313.1,241.0,-72.1,0.0,0,0,hold,2403
40,313.2,241.0,-72.2,0.0,0,0,hold,2405
40,313.3,241.0,-72.3,0.0,0,0,hold,2407
40,313.3,241.0,-72.3,0.0,0,0,hold,2409
40,313.3,241.0,-72.3,0.0,0,0,hold,2411
40,313.4,241.0,-72.4,0.0,0,0,hold,2413
40,313.5,241.0,-72.5,0.0,0,0,hold,2415
40,313.6,241.0,-72.6,0.0,0,0,hold,2417
40,313.6,241.0,-72.6,0.0,0,0,hold,2419
40,313.6,241.0,-72.6,0.0,0,0,hold,2421
40,313.7,241.0,-72.7,0.0,0,0,hold,2423
40,313.8,241.0,-72.8,0.0,0,0,hold,2425
40,313.8,241.0,-72.8,0.0,0,0,hold,2427
40,313.8,241.0,-72.8,0.0,0,0,hold,2429
40,313.8,241.0,-72.8,0.0,0,0,hold,2431
40,313.9,241.0,-72.9,0.0,0,0,hold,2433
40,314.0,241.0,-73.0,0.0,0,0,hold,2435
40,314.0,241.0,-73.0,0.0,0,0,hold,2437
40,314.1,241.0,-73.1,0.0,0,0,hold,2439
40,314.1,241.0,-73.1,0.0,0,0,hold,2441
40,314.2,241.0,-73.2,0.0,0,0,hold,2443
40,314.3,241.0,-73.3,0.0,0,0,hold,2445
40,314.2,241.0,-73.2,0.0,0,0,hold,2447
40,314.3,241.0,-73.3,0.0,0,0,hold,2449
40,314.3,241.0,-73.3,0.0,0,0,hold,2451
40,314.5,241.0,-73.5,0.0,0,0,hold,2453
40,314.4,241.0,-73.4,0.0,0,0,hold,2455
40,314.5,241.0,-73.5,0.0,0,0,hold,2457
40,314.5,241.0,-73.5,0.0,0,0,hold,2459
41,314.5,241.0,-73.5,0.0,0,0,hold,2461
41,314.6,241.0,-73.6,0.0,0,0,hold,2463
41,314.7,241.0,-73.7,0.0,0,0,hold,2465
41,314.6,241.0,-73.6,0.0,0,0,hold,2467
41,314.6,241.0,-73.6,0.0,0,0,hold,2469
41,314.7,241.0,-73.7,0.0,0,0,hold,2471
41,314.9,241.0,-73.9,0.0,0,0,hold,2473
41,314.7,241.0,-73.7,0.0,0,0,hold,2475
41,314.8,241.0,-73.8,0.0,0,0,hold,2477
41,314.8,241.0,-73.8,0.0,0,0,hold,2479
41,314.9,241.0,-73.9,0.0,0,0,hold,2481
41,314.9,241.0,-73.9,0.0,0,0,hold,2483
41,315.0,241.0,-74.0,0.0,0,0,hold,2485
41,315.0,241.0,-74.0,0.0,0,0,hold,2487
41,314.9,241.0,-73.9,0.0,0,0,hold,2489
41,315.1,241.0,-74.1,0.0,0,0,hold,2491
41,315.1,241.0,-74.1,0.0,0,0,hold,2493
41,315.0,241.0,-74.0,0.0,0,0,hold,2495
41,315.2,241.0,-74.2,0.0,0,0,hold,2497
41,315.2,241.0,-74.2,0.0,0,0,hold,2499
41,315.2,241.0,-74.2,0.0,0,0,hold,2501
41,315.3,241.0,-74.3,0.0,0,0,hold,2503
41,315.3,241.0,-74.3,0.0,0,0,hold,2505
41,315.3,241.0,-74.3,0.0,0,0,hold,2507
41,315.3,241.0,-74.3,0.0,0,0,hold,2509
41,315.3,241.0,-74.3,0.0,0,0,hold,2511
41,315.4,241.0,-74.4,0.0,0,0,hold,2513
41,315.4,241.0,-74.4,0.0,0,0,hold,2515
41,315.5,241.0,-74.5,0.0,0,0,hold,2517
41,315.4,241.0,-74.4,0.0,0,0,hold,2519
42,315.4,241.0,-74.4,0.0,0,0,hold,2521
42,315.5,241.0,-74.5,0.0,0,0,hold,2523
42,315.5,241.0,-74.5,0.0,0,0,hold,2525
42,315.5,241.0,-74.5,0.0,0,0,hold,2527
42,315.5,241.0,-74.5,0.0,0,0,hold,2529
42,315.6,241.0,-74.6,0.0,0,0,hold,2531
42,315.6,241.0,-74.6,0.0,0,0,hold,2533
42,315.7,241.0,-74.7,0.0,0,0,hold,2535
42,315.5,241.0,-74.5,0.0,0,0,hold,2537
42,315.7,241.0,-74.7,0.0,0,0,hold,2539
42,315.7,241.0,-74.7,0.0,0,0,hold,2541
42,315.7,241.0,-74.7,0.0,0,0,hold,2544
42,315.7,241.0,-74.7,0.0,0,0,hold,2546
42,315.7,241.0,-74.7,0.0,0,0,hold,2548
42,315.8,241.0,-74.8,0.0,0,0,hold,2550
42,315.8,241.0,-74.8,0.0,0,0,hold,2552
42,315.9,241.0,-74.9,0.0,0,0,hold,2554
42,315.8,241.0,-74.8,0.0,0,0,hold,2556
42,315.9,241.0,-74.9,0.0,0,0,hold,2558
42,315.8,241.0,-74.8,0.0,0,0,hold,2560
42,315.9,241.0,-74.9,0.0,0,0,hold,2562
42,315.8,241.0,-74.8,0.0,0,0,hold,2564
42,315.9,241.0,-74.9,0.0,0,0,hold,2566
42,315.9,241.0,-74.9,0.0,0,0,hold,2568
42,315.8,241.0,-74.8,0.0,0,0,hold,2570
42,315.9,241.0,-74.9,0.0,0,0,hold,2572
42,316.0,241.0,-75.0,0.0,0,0,hold,2574
42,315.9,241.0,-74.9,0.0,0,0,hold,2576
42,316.0,241.0,-75.0,0.0,0,0,hold,2578
43,316.0,241.0,-75.0,0.0,0,0,hold,2580
43,315.9,241.0,-74.9,0.0,0,0,hold,2582
43,316.1,241.0,-75.1,0.0,0,0,hold,2584
43,316.1,241.0,-75.1,0.0,0,0,hold,2586
43,316.0,241.0,-75.0,0.0,0,0,hold,2588
43,316.1,241.0,-75.1,0.0,0,0,hold,2590
43,316.1,241.0,-75.1,0.0,0,0,hold,2592
43,316.1,241.0,-75.1,0.0,0,0,hold,2594
43,316.0,241.0,-75.0,0.0,0,0,hold,2596
43,316.1,241.0,-75.1,0.0,0,0,hold,2598
43,316.1,241.0,-75.1,0.0,0,0,hold,2600
43,316.2,241.0,-75.2,0.0,0,0,hold,2602
43,316.1,241.0,-75.1,0.0,0,0,hold,2604
43,316.1,241.0,-75.1,0.0,0,0,hold,2606
43,316.1,241.0,-75.1,0.0,0,0,hold,2608
43,316.1,241.0,-75.1,0.0,0,0,hold,2610
43,316.2,241.0,-75.2,0.0,0,0,hold,2612
43,316.2,241.0,-75.2,0.0,0,0,hold,2614
43,316.2,241.0,-75.2,0.0,0,0,hold,2616
43,316.2,241.0,-75.2,0.0,0,0,hold,2618
43,316.1,241.0,-75.1,0.0,0,0,hold,2620
43,316.1,241.0,-75.1,0.0,0,0,hold,2622
43,316.1,241.0,-75.1,0.0,0,0,hold,2624
43,316.2,241.0,-75.2,0.0,0,0,hold,2626
43,316.2,241.0,-75.2,0.0,0,0,hold,2628
43,316.1,241.0,-75.1,0.0,0,0,hold,2630
43,316.2,241.0,-75.2,0.0,0,0,hold,2632
43,316.1,241.0,-75.1,0.0,0,0,hold,2634
43,316.3,241.0,-75.3,0.0,0,0,hold,2636
43,316.1,241.0,-75.1,0.0,0,0,hold,2638
44,316.2,241.0,-75.2,0.0,0,0,hold,2640
44,316.2,241.0,-75.2,0.0,0,0,hold,2642
44,316.2,241.0,-75.2,0.0,0,0,hold,2644
44,316.2,241.0,-75.2,0.0,0,0,hold,2646
44,316.2,241.0,-75.2,0.0,0,0,hold,2648
44,316.2,241.0,-75.2,0.0,0,0,hold,2650
44,316.1,241.0,-75.1,0.0,0,0,hold,2652
44,316.2,241.0,-75.2,0.0,0,0,hold,2654
44,316.1,241.0,-75.1,0.0,0,0,hold,2656
44,316.1,241.0,-75.1,0.0,0,0,hold,2658
44,316.1,241.0,-75.1,0.0,0,0,hold,2660
44,316.2,241.0,-75.2,0.0,0,0,hold,2662
44,316.2,241.0,-75.2,0.0,0,0,hold,2664
44,316.2,241.0,-75.2,0.0,0,0,hold,2666
44,316.2,241.0,-75.2,0.0,0,0,hold,2668
44,316.2,241.0,-75.2,0.0,0,0,hold,2670
44,316.1,241.0,-75.1,0.0,0,0,hold,2672
44,316.2,241.0,-75.2,0.0,0,0,hold,2674
44,316.1,241.0,-75.1,0.0,0,0,hold,2676
44,316.1,241.0,-75.1,0.0,0,0,hold,2678
44,316.1,241.0,-75.1,0.0,0,0,hold,2680
44,316.1,241.0,-75.1,0.0,0,0,hold,2682
44,316.0,241.0,-75.0,0.0,0,0,hold,2684
44,316.1,241.0,-75.1,0.0,0,0,hold,2686
44,316.1,241.0,-75.1,0.0,0,0,hold,2688
44,316.2,241.0,-75.2,0.0,0,0,hold,2690
44,316.1,241.0,-75.1,0.0,0,0,hold,2692
44,316.1,241.0,-75.1,0.0,0,0,hold,2694
44,316.0,241.0,-75.0,0.0,0,0,hold,2696
44,316.1,241.0,-75.1,0.0,0,0,hold,2698
45,316.1,241.0,-75.1,0.0,0,0,hold,2700
45,316.0,241.0,-75.0,0.0,0,0,hold,2702
45,316.0,241.0,-75.0,0.0,0,0,hold,2704
45,316.0,241.0,-75.0,0.0,0,0,hold,2706
45,316.0,241.0,-75.0,0.0,0,0,hold,2708
45,316.0,241.0,-75.0,0.0,0,0,hold,2710
45,316.0,241.0,-75.0,0.0,0,0,hold,2712
45,316.0,241.0,-75.0,0.0,0,0,hold,2714
45,316.0,241.0,-75.0,0.0,0,0,hold,2716
45,316.0,241.0,-75.0,0.0,0,0,hold,2718
45,315.9,241.0,-74.9,0.0,0,0,hold,2720
45,315.9,241.0,-74.9,0.0,0,0,hold,2722
45,315.9,241.0,-74.9,0.0,0,0,hold,2725
45,315.9,241.0,-74.9,0.0,0,0,hold,2727
45,315.8,241.0,-74.8,0.0,0,0,hold,2729
45,315.9,241.0,-74.9,0.0,0,0,hold,2731
45,315.9,241.0,-74.9,0.0,0,0,hold,2733
45,315.9,241.0,-74.9,0.0,0,0,hold,2735
45,315.9,241.0,-74.9,0.0,0,0,hold,2737
45,315.8,241.0,-74.8,0.0,0,0,hold,2739
45,315.8,241.0,-74.8,0.0,0,0,hold,2741
45,315.9,241.0,-74.9,0.0,0,0,hold,2743
45,315.7,241.0,-74.7,0.0,0,0,hold,2745
45,315.7,241.0,-74.7,0.0,0,0,hold,2747
45,315.8,241.0,-74.8,0.0,0,0,hold,2749
45,315.7,241.0,-74.7,0.0,0,0,hold,2751
45,315.8,241.0,-74.8,0.0,0,0,hold,2753
45,315.7,241.0,-74.7,0.0,0,0,hold,2755
45,315.7,241.0,-74.7,0.0,0,0,hold,2757
45,315.7,241.0,-74.7,0.0,0,0,hold,2759
46,315.7,241.0,-74.7,0.0,0,0,hold,2761
46,315.7,241.0,-74.7,0.0,0,0,hold,2763
46,315.7,241.0,-74.7,0.0,0,0,hold,2765
46,315.6,241.0,-74.6,0.0,0,0,hold,2767
46,315.6,241.0,-74.6,0.0,0,0,hold,2769
46,315.6,241.0,-74.6,0.0,0,0,hold,2771
46,315.6,241.0,-74.6,0.0,0,0,hold,2773
46,315.5,241.0,-74.5,0.0,0,0,hold,2775
46,315.5,241.0,-74.5,0.0,0,0,hold,2777
46,315.6,241.0,-74.6,0.0,0,0,hold,2779
46,315.5,241.0,-74.5,0.0,0,0,hold,2781
46,315.5,241.0,-74.5,0.0,0,0,hold,2783
46,315.5,241.0,-74.5,0.0,0,0,hold,2785
46,315.5,241.0,-74.5,0.0,0,0,hold,2787
46,315.5,241.0,-74.5,0.0,0,0,hold,2789
46,315.5,241.0,-74.5,0.0,0,0,hold,2791
46,315.4,241.0,-74.4,0.0,0,0,hold,2793
46,315.4,241.0,-74.4,0.0,0,0,hold,2795
46,315.3,241.0,-74.3,0.0,0,0,hold,2797
46,315.4,241.0,-74.4,0.0,0,0,hold,2799
46,315.3,241.0,-74.3,0.0,0,0,hold,2801
46,315.3,241.0,-74.3,0.0,0,0,hold,2803
46,315.4,241.0,-74.4,0.0,0,0,hold,2805
46,315.2,241.0,-74.2,0.0,0,0,hold,2807
46,315.2,241.0,-74.2,0.0,0,0,hold,2809
46,315.3,241.0,-74.3,0.0,0,0,hold,2811
46,315.2,241.0,-74.2,0.0,0,0,hold,2813
46,315.2,241.0,-74.2,0.0,0,0,hold,2815
46,315.2,241.0,-74.2,0.0,0,0,hold,2817
46,315.1,241.0,-74.1,0.0,0,0,hold,2819
47,315.1,241.0,-74.1,0.0,0,0,hold,2821
47,315.1,241.0,-74.1,0.0,0,0,hold,2823
47,315.1,241.0,-74.1,0.0,0,0,hold,2825
47,315.1,241.0,-74.1,0.0,0,0,hold,2827
47,315.0,241.0,-74.0,0.0,0,0,hold,2829
47,315.0,241.0,-74.0,0.0,0,0,hold,2831
47,315.0,241.0,-74.0,0.0,0,0,hold,2833
47,314.9,241.0,-73.9,0.0,0,0,hold,2835
47,314.9,241.0,-73.9,0.0,0,0,hold,2837
47,315.0,241.0,-74.0,0.0,0,0,hold,2839
47,314.9,241.0,-73.9,0.0,0,0,hold,2841
47,314.9,241.0,-73.9,0.0,0,0,hold,2843
47,314.9,241.0,-73.9,0.0,0,0,hold,2845
47,314.8,241.0,-73.8,0.0,0,0,hold,2847
47,314.8,241.0,-73.8,0.0,0,0,hold,2849
47,314.7,241.0,-73.7,0.0,0,0,hold,2851
47,314.8,241.0,-73.8,0.0,0,0,hold,2853
47,314.6,241.0,-73.6,0.0,0,0,hold,2855
47,314.6,241.0,-73.6,0.0,0,0,hold,2857
47,314.7,241.0,-73.7,0.0,0,0,hold,2859
47,314.7,241.0,-73.7,0.0,0,0,hold,2861
47,314.5,241.0,-73.5,0.0,0,0,hold,2863
47,314.6,241.0,-73.6,0.0,0,0,hold,2865
47,314.5,241.0,-73.5,0.0,0,0,hold,2867
47,314.5,241.0,-73.5,0.0,0,0,hold,2869
47,314.5,241.0,-73.5,0.0,0,0,hold,2871
47,314.4,241.0,-73.4,0.0,0,0,hold,2873
47,314.5,241.0,-73.5,0.0,0,0,hold,2875
47,314.5,241.0,-73.5,0.0,0,0,hold,2877
47,314.4,241.0,-73.4,0.0,0,0,hold,2879
48,314.4,241.0,-73.4,0.0,0,0,hold,2881
48,314.4,241.0,-73.4,0.0,0,0,hold,2883
48,314.3,241.0,-73.3,0.0,0,0,hold,2885
48,314.3,241.0,-73.3,0.0,0,0,hold,2887
48,314.3,241.0,-73.3,0.0,0,0,hold,2889
48,314.3,241.0,-73.3,0.0,0,0,hold,2891
48,314.3,241.0,-73.3,0.0,0,0,hold,2893
48,314.3,241.0,-73.3,0.0,0,0,hold,2895
48,314.2,241.0,-73.2,0.0,0,0,hold,2897
48,314.1,241.0,-73.1,0.0,0,0,hold,2899
48,314.1,241.0,-73.1,0.0,0,0,hold,2901
48,314.1,241.0,-73.1,0.0,0,0,hold,2903
48,314.0,241.0,-73.0,0.0,0,0,hold,2906
48,314.0,241.0,-73.0,0.0,0,0,hold,2908
48,314.0,241.0,-73.0,0.0,0,0,hold,2910
48,314.0,241.0,-73.0,0.0,0,0,hold,2912
48,313.9,241.0,-72.9,0.0,0,0,hold,2914
48,314.0,241.0,-73.0,0.0,0,0,hold,2916
48,313.9,241.0,-72.9,0.0,0,0,hold,2918
48,313.9,241.0,-72.9,0.0,0,0,hold,2920
48,313.8,241.0,-72.8,0.0,0,0,hold,2922
48,313.8,241.0,-72.8,0.0,0,0,hold,2924
48,313.7,241.0,-72.7,0.0,0,0,hold,2926
48,313.7,241.0,-72.7,0.0,0,0,hold,2928
48,313.6,241.0,-72.6,0.0,0,0,hold,2930
48,313.7,241.0,-72.7,0.0,0,0,hold,2932
48,313.6,241.0,-72.6,0.0,0,0,hold,2934
48,313.6,241.0,-72.6,0.0,0,0,hold,2936
48,313.7,241.0,-72.7,0.0,0,0,hold,2938
49,313.7,241.0,-72.7,0.0,0,0,hold,2940
49,313.5,241.0,-72.5,0.0,0,0,hold,2942
49,313.4,241.0,-72.4,0.0,0,0,hold,2944
49,313.5,241.0,-72.5,0.0,0,0,hold,2946
49,313.5,241.0,-72.5,0.0,0,0,hold,2948
49,313.4,241.0,-72.4,0.0,0,0,hold,2950
49,313.4,241.0,-72.4,0.0,0,0,hold,2952
49,313.3,241.0,-72.3,0.0,0,0,hold,2954
49,313.3,241.0,-72.3,0.0,0,0,hold,2956
49,313.3,241.0,-72.3,0.0,0,0,hold,2958
49,313.2,241.0,-72.2,0.0,0,0,hold,2960
49,313.2,241.0,-72.2,0.0,0,0,hold,2962
49,313.2,241.0,-72.2,0.0,0,0,hold,2964
49,313.2,241.0,-72.2,0.0,0,0,hold,2966
49,313.1,241.0,-72.1,0.0,0,0,hold,2968
49,313.1,241.0,-72.1,0.0,0,0,hold,2970
49,313.1,241.0,-72.1,0.0,0,0,hold,2972
49,313.1,241.0,-72.1,0.0,0,0,hold,2974
49,313.0,241.0,-72.0,0.0,0,0,hold,2976
49,313.0,241.0,-72.0,0.0,0,0,hold,2978
49,312.9,241.0,-71.9,0.0,0,0,hold,2980
49,312.8,241.0,-71.8,0.0,0,0,hold,2982
49,312.9,241.0,-71.9,0.0,0,0,hold,2984
49,312.8,241.0,-71.8,0.0,0,0,hold,2986
49,312.8,241.0,-71.8,0.0,0,0,hold,2988
49,312.7,241.0,-71.7,0.0,0,0,hold,2990
49,312.7,241.0,-71.7,0.0,0,0,hold,2992
49,312.7,241.0,-71.7,0.0,0,0,hold,2994
49,312.6,241.0,-71.6,0.0,0,0,hold,2996
49,312.7,241.0,-71.7,0.0,0,0,hold,2998
50,312.6,241.0,-71.6,0.0,0,0,hold,3000
50,312.5,241.0,-71.5,0.0,0,0,hold,3002
50,312.5,241.0,-71.5,0.0,0,0,hold,3004
50,312.4,241.0,-71.4,0.0,0,0,hold,3006
50,312.4,241.0,-71.4,0.0,0,0,hold,3008
50,312.4,241.0,-71.4,0.0,0,0,hold,3010
50,312.4,241.0,-71.4,0.0,0,0,hold,3012
50,312.3,241.0,-71.3,0.0,0,0,hold,3014
50,312.3,241.0,-71.3,0.0,0,0,hold,3016
50,312.2,241.0,-71.2,0.0,0,0,hold,3018
50,312.2,241.0,-71.2,0.0,0,0,hold,3020
50,312.2,241.0,-71.2,0.0,0,0,hold,3022
50,312.2,241.0,-71.2,0.0,0,0,hold,3024
50,312.1,241.0,-71.1,0.0,0,0,hold,3026
50,312.1,241.0,-71.1,0.0,0,0,hold,3028
50,312.1,241.0,-71.1,0.0,0,0,hold,3030
50,312.0,241.0,-71.0,0.0,0,0,hold,3032
50,312.0,241.0,-71.0,0.0,0,0,hold,3034
50,311.9,241.0,-70.9,0.0,0,0,hold,3036
50,311.8,241.0,-70.8,0.0,0,0,hold,3038
50,311.9,241.0,-70.9,0.0,0,0,hold,3040
50,311.9,241.0,-70.9,0.0,0,0,hold,3042
50,311.8,241.0,-70.8,0.0,0,0,hold,3044
50,311.8,241.0,-70.8,0.0,0,0,hold,3046
50,311.7,241.0,-70.7,0.0,0,0,hold,3048
50,311.7,241.0,-70.7,0.0,0,0,hold,3050
50,311.7,241.0,-70.7,0.0,0,0,hold,3052
50,311.6,241.0,-70.6,0.0,0,0,hold,3054
50,311.6,241.0,-70.6,0.0,0,0,hold,3056
50,311.5,241.0,-70.5,0.0,0,0,hold,3058
51,311.6,241.0,-70.6,0.0,0,0,hold,3060
51,311.5,241.0,-70.5,0.0,0,0,hold,3062
51,311.4,241.0,-70.4,0.0,0,0,hold,3064
51,311.4,241.0,-70.4,0.0,0,0,hold,3066
51,311.4,241.0,-70.4,0.0,0,0,hold,3068
51,311.3,241.0,-70.3,0.0,0,0,hold,3070
51,311.3,241.0,-70.3,0.0,0,0,hold,3072
51,311.1,241.0,-70.1,0.0,0,0,hold,3074
51,311.2,241.0,-70.2,0.0,0,0,hold,3076
51,311.2,241.0,-70.2,0.0,0,0,hold,3078
51,311.2,241.0,-70.2,0.0,0,0,hold,3080
51,311.0,241.0,-70.0,0.0,0,0,hold,3082
51,311.0,241.0,-70.0,0.0,0,0,hold,3084
51,311.0,241.0,-70.0,0.0,0,0,hold,3086
51,311.0,241.0,-70.0,0.0,0,0,hold,3088
51,311.0,241.0,-70.0,0.0,0,0,hold,3090
51,310.9,241.0,-69.9,0.0,0,0,hold,3093
51,310.9,241.0,-69.9,0.0,0,0,hold,3095
51,310.8,241.0,-69.8,0.0,0,0,hold,3097
51,310.8,241.0,-69.8,0.0,0,0,hold,3099
51,310.7,241.0,-69.7,0.0,0,0,hold,3101
51,310.6,241.0,-69.6,0.0,0,0,hold,3103
51,310.8,241.0,-69.8,0.0,0,0,hold,3105
51,310.7,241.0,-69.7,0.0,0,0,hold,3107
51,310.6,241.0,-69.6,0.0,0,0,hold,3109
51,310.6,241.0,-69.6,0.0,0,0,hold,3111
51,310.6,241.0,-69.6,0.0,0,0,hold,3113
51,310.5,241.0,-69.5,0.0,0,0,hold,3115
51,310.5,241.0,-69.5,0.0,0,0,hold,3117
51,310.5,241.0,-69.5,0.0,0,0,hold,3119
52,310.5,241.0,-69.5,0.0,0,0,hold,3121
52,310.4,241.0,-69.4,0.0,0,0,hold,3123
52,310.3,241.0,-69.3,0.0,0,0,hold,3125
52,310.3,241.0,-69.3,0.0,0,0,hold,3127
52,310.3,241.0,-69.3,0.0,0,0,hold,3129
52,310.2,241.0,-69.2,0.0,0,0,hold,3131
52,310.2,241.0,-69.2,0.0,0,0,hold,3133
52,310.1,241.0,-69.1,0.0,0,0,hold,3135
52,310.2,241.0,-69.2,0.0,0,0,hold,3137
52,310.1,241.0,-69.1,0.0,0,0,hold,3139
52,310.0,241.0,-69.0,0.0,0,0,hold,3141
52,309.9,241.0,-68.9,0.0,0,0,hold,3143
52,309.9,241.0,-68.9,0.0,0,0,hold,3145
52,310.0,241.0,-69.0,0.0,0,0,hold,3147
52,309.9,241.0,-68.9,0.0,0,0,hold,3149
52,309.7,241.0,-68.7,0.0,0,0,hold,3151
52,309.7,241.0,-68.7,0.0,0,0,hold,3153
52,309.8,241.0,-68.8,0.0,0,0,hold,3155
52,309.7,241.0,-68.7,0.0,0,0,hold,3157
52,309.6,241.0,-68.6,0.0,0,0,hold,3159
52,309.5,241.0,-68.5,0.0,0,0,hold,3161
52,309.5,241.0,-68.5,0.0,0,0,hold,3163
52,309.5,241.0,-68.5,0.0,0,0,hold,3165
52,309.4,241.0,-68.4,0.0,0,0,hold,3167
52,309.4,241.0,-68.4,0.0,0,0,hold,3169
52,309.4,241.0,-68.4,0.0,0,0,hold,3171
52,309.3,241.0,-68.3,0.0,0,0,hold,3173
52,309.4,241.0,-68.4,0.0,0,0,hold,3175
52,309.3,241.0,-68.3,0.0,0,0,hold,3177
52,309.3,241.0,-68.3,0.0,0,0,hold,3179
53,309.2,241.0,-68.2,0.0,0,0,hold,3181
53,309.2,241.0,-68.2,0.0,0,0,hold,3183
53,309.1,241.0,-68.1,0.0,0,0,hold,3185
53,309.1,241.0,-68.1,0.0,0,0,hold,3187
53,309.0,241.0,-68.0,0.0,0,0,hold,3189
53,309.0,241.0,-68.0,0.0,0,0,hold,3191
53,309.0,241.0,-68.0,0.0,0,0,hold,3193
53,309.0,241.0,-68.0,0.0,0,0,hold,3195
53,308.8,241.0,-67.8,0.0,0,0,hold,3197
53,308.8,241.0,-67.8,0.0,0,0,hold,3199
53,308.8,241.0,-67.8,0.0,0,0,hold,3201
53,308.7,241.0,-67.7,0.0,0,0,hold,3203
53,308.8,241.0,-67.8,0.0,0,0,hold,3205
53,308.7,241.0,-67.7,0.0,0,0,hold,3207
53,308.6,241.0,-67.6,0.0,0,0,hold,3209
53,308.6,241.0,-67.6,0.0,0,0,hold,3211
53,308.6,241.0,-67.6,0.0,0,0,hold,3213
53,308.6,241.0,-67.6,0.0,0,0,hold,3215
53,308.4,241.0,-67.4,0.0,0,0,hold,3217
53,308.4,241.0,-67.4,0.0,0,0,hold,3219
53,308.4,241.0,-67.4,0.0,0,0,hold,3221
53,308.4,241.0,-67.4,0.0,0,0,hold,3223
53,308.3,241.0,-67.3,0.0,0,0,hold,3225
53,308.3,241.0,-67.3,0.0,0,0,hold,3227
53,308.2,241.0,-67.2,0.0,0,0,hold,3229
53,308.2,241.0,-67.2,0.0,0,0,hold,3231
53,308.1,241.0,-67.1,0.0,0,0,hold,3233
53,308.2,241.0,-67.2,0.0,0,0,hold,3235
53,308.0,241.0,-67.0,0.0,0,0,hold,3237
53,308.0,241.0,-67.0,0.0,0,0,hold,3239
54,307.9,241.0,-66.9,0.0,0,0,hold,3241
54,308.0,241.0,-67.0,0.0,0,0,hold,3243
54,307.9,241.0,-66.9,0.0,0,0,hold,3245
54,307.7,241.0,-66.7,0.0,0,0,hold,3247
54,307.9,241.0,-66.9,0.0,0,0,hold,3249
54,307.8,241.0,-66.8,0.0,0,0,hold,3251
54,307.6,241.0,-66.6,0.0,0,0,hold,3253
54,307.7,241.0,-66.7,0.0,0,0,hold,3255
54,307.6,241.0,-66.6,0.0,0,0,hold,3257
54,307.6,241.0,-66.6,0.0,0,0,hold,3259
54,307.5,241.0,-66.5,0.0,0,0,hold,3261
54,307.6,241.0,-66.6,0.0,0,0,hold,3263
54,307.5,241.0,-66.5,0.0,0,0,hold,3265
54,307.4,241.0,-66.4,0.0,0,0,hold,3267
54,307.4,241.0,-66.4,0.0,0,0,hold,3269
54,307.3,241.0,-66.3,0.0,0,0,hold,3271
54,307.2,241.0,-66.2,0.0,0,0,hold,3274
54,307.2,241.0,-66.2,0.0,0,0,hold,3276
54,307.3,241.0,-66.3,0.0,0,0,hold,3278
54,307.1,241.0,-66.1,0.0,0,0,hold,3280
54,307.0,241.0,-66.0,0.0,0,0,hold,3282
54,307.0,241.0,-66.0,0.0,0,0,hold,3284
54,307.0,241.0,-66.0,0.0,0,0,hold,3286
54,306.9,241.0,-65.9,0.0,0,0,hold,3288
54,306.9,241.0,-65.9,0.0,0,0,hold,3290
54,306.9,241.0,-65.9,0.0,0,0,hold,3292
54,306.9,241.0,-65.9,0.0,0,0,hold,3294
54,306.8,241.0,-65.8,0.0,0,0,hold,3296
54,306.7,241.0,-65.7,0.0,0,0,hold,3298
55,306.8,241.0,-65.8,0.0,0,0,hold,3300
55,306.6,241.0,-65.6,0.0,0,0,hold,3302
55,306.6,241.0,-65.6,0.0,0,0,hold,3304
55,306.5,241.0,-65.5,0.0,0,0,hold,3306
55,306.4,241.0,-65.4,0.0,0,0,hold,3308
55,306.6,241.0,-65.6,0.0,0,0,hold,3310
55,306.5,241.0,-65.5,0.0,0,0,hold,3312
55,306.3,241.0,-65.3,0.0,0,0,hold,3314
55,306.4,241.0,-65.4,0.0,0,0,hold,3316
55,306.3,241.0,-65.3,0.0,0,0,hold,3318
55,306.3,241.0,-65.3,0.0,0,0,hold,3320
55,306.2,241.0,-65.2,0.0,0,0,hold,3322
55,306.3,241.0,-65.3,0.0,0,0,hold,3324
55,306.2,241.0,-65.2,0.0,0,0,hold,3326
55,306.1,241.0,-65.1,0.0,0,0,hold,3328
55,306.0,241.0,-65.0,0.0,0,0,hold,3330
55,305.9,241.0,-64.9,0.0,0,0,hold,3332
55,306.0,241.0,-65.0,0.0,0,0,hold,3334
55,306.0,241.0,-65.0,0.0,0,0,hold,3336
55,306.0,241.0,-65.0,0.0,0,0,hold,3338
55,305.8,241.0,-64.8,0.0,0,0,hold,3340
55,305.8,241.0,-64.8,0.0,0,0,hold,3342
55,305.8,241.0,-64.8,0.0,0,0,hold,3344
55,305.7,241.0,-64.7,0.0,0,0,hold,3346
55,305.6,241.0,-64.6,0.0,0,0,hold,3348
55,305.6,241.0,-64.6,0.0,0,0,hold,3350
55,305.7,241.0,-64.7,0.0,0,0,hold,3352
55,305.6,241.0,-64.6,0.0,0,0,hold,3354
55,305.6,241.0,-64.6,0.0,0,0,hold,3356
55,305.5,241.0,-64.5,0.0,0,0,hold,3358
56,305.4,241.0,-64.4,0.0,0,0,hold,3360
56,305.3,241.0,-64.3,0.0,0,0,hold,3362
56,305.3,241.0,-64.3,0.0,0,0,hold,3364
56,305.3,241.0,-64.3,0.0,0,0,hold,3366
56,305.2,241.0,-64.2,0.0,0,0,hold,3368
56,305.2,241.0,-64.2,0.0,0,0,hold,3370
56,305.1,241.0,-64.1,0.0,0,0,hold,3372
56,305.1,241.0,-64.1,0.0,0,0,hold,3374
56,305.1,241.0,-64.1,0.0,0,0,hold,3376
56,305.0,241.0,-64.0,0.0,0,0,hold,3378
56,304.9,241.0,-63.9,0.0,0,0,hold,3380
56,305.0,241.0,-64.0,0.0,0,0,hold,3382
56,304.9,241.0,-63.9,0.0,0,0,hold,3384
56,304.8,241.0,-63.8,0.0,0,0,hold,3386
56,304.9,241.0,-63.9,0.0,0,0,hold,3388
56,304.8,241.0,-63.8,0.0,0,0,hold,3390
56,304.7,241.0,-63.7,0.0,0,0,hold,3392
56,304.6,241.0,-63.6,0.0,0,0,hold,3394
56,304.7,241.0,-63.7,0.0,0,0,hold,3396
56,304.5,241.0,-63.5,0.0,0,0,hold,3398
56,304.5,241.0,-63.5,0.0,0,0,hold,3400
56,304.5,241.0,-63.5,0.0,0,0,hold,3402
56,304.4,241.0,-63.4,0.0,0,0,hold,3404
56,304.5,241.0,-63.5,0.0,0,0,hold,3406
56,304.2,241.0,-63.2,0.0,0,0,hold,3408
56,304.3,241.0,-63.3,0.0,0,0,hold,3410
56,304.2,241.0,-63.2,0.0,0,0,hold,3412
56,304.2,241.0,-63.2,0.0,0,0,hold,3414
56,304.2,241.0,-63.2,0.0,0,0,hold,3416
56,304.1,241.0,-63.1,0.0,0,0,hold,3418
57,304.0,241.0,-63.0,0.0,0,0,hold,3420
57,304.1,241.0,-63.1,0.0,0,0,hold,3422
57,304.0,241.0,-63.0,0.0,0,0,hold,3424
57,303.9,241.0,-62.9,0.0,0,0,hold,3426
57,303.9,241.0,-62.9,0.0,0,0,hold,3428
57,303.9,241.0,-62.9,0.0,0,0,hold,3430
57,303.8,241.0,-62.8,0.0,0,0,hold,3432
57,303.8,241.0,-62.8,0.0,0,0,hold,3434
57,303.8,241.0,-62.8,0.0,0,0,hold,3436
57,303.6,241.0,-62.6,0.0,0,0,hold,3438
57,303.7,241.0,-62.7,0.0,0,0,hold,3440
57,303.6,241.0,-62.6,0.0,0,0,hold,3442
57,303.5,241.0,-62.5,0.0,0,0,hold,3444
57,303.5,241.0,-62.5,0.0,0,0,hold,3446
57,303.5,241.0,-62.5,0.0,0,0,hold,3448
57,303.4,241.0,-62.4,0.0,0,0,hold,3450
57,303.4,241.0,-62.4,0.0,0,0,hold,3452
57,303.3,241.0,-62.3,0.0,0,0,hold,3454
57,303.2,241.0,-62.2,0.0,0,0,hold,3456
57,303.3,241.0,-62.3,0.0,0,0,hold,3459
57,303.2,241.0,-62.2,0.0,0,0,hold,3461
57,303.1,241.0,-62.1,0.0,0,0,hold,3463
57,303.1,241.0,-62.1,0.0,0,0,hold,3465
57,303.0,241.0,-62.0,0.0,0,0,hold,3467
57,303.0,241.0,-62.0,0.0,0,0,hold,3469
57,302.9,241.0,-61.9,0.0,0,0,hold,3471
57,302.9,241.0,-61.9,0.0,0,0,hold,3473
57,302.8,241.0,-61.8,0.0,0,0,hold,3475
57,302.7,241.0,-61.7,0.0,0,0,hold,3477
57,302.8,241.0,-61.8,0.0,0,0,hold,3479
58,302.7,241.0,-61.7,0.0,0,0,hold,3481
58,302.6,241.0,-61.6,0.0,0,0,hold,3483
58,302.6,241.0,-61.6,0.0,0,0,hold,3485
58,302.5,241.0,-61.5,0.0,0,0,hold,3487
58,302.5,241.0,-61.5,0.0,0,0,hold,3489
58,302.5,241.0,-61.5,0.0,0,0,hold,3491
58,302.5,241.0,-61.5,0.0,0,0,hold,3493
58,302.3,241.0,-61.3,0.0,0,0,hold,3495
58,302.3,241.0,-61.3,0.0,0,0,hold,3497
58,302.3,241.0,-61.3,0.0,0,0,hold,3499
58,302.2,241.0,-61.2,0.0,0,0,hold,3501
58,302.2,241.0,-61.2,0.0,0,0,hold,3503
58,302.1,241.0,-61.1,0.0,0,0,hold,3505
58,302.0,241.0,-61.0,0.0,0,0,hold,3507
58,302.0,241.0,-61.0,0.0,0,0,hold,3509
58,302.0,241.0,-61.0,0.0,0,0,hold,3511
58,302.0,241.0,-61.0,0.0,0,0,hold,3513
58,302.0,241.0,-61.0,0.0,0,0,hold,3515
58,301.8,241.0,-60.8,0.0,0,0,hold,3517
58,301.8,241.0,-60.8,0.0,0,0,hold,3519
58,301.7,241.0,-60.7,0.0,0,0,hold,3521
58,301.8,241.0,-60.8,0.0,0,0,hold,3523
58,301.7,241.0,-60.7,0.0,0,0,hold,3525
58,301.6,241.0,-60.6,0.0,0,0,hold,3527
58,301.7,241.0,-60.7,0.0,0,0,hold,3529
58,301.5,241.0,-60.5,0.0,0,0,hold,3531
58,301.4,241.0,-60.4,0.0,0,0,hold,3533
58,301.5,241.0,-60.5,0.0,0,0,hold,3535
58,301.5,241.0,-60.5,0.0,0,0,hold,3537
58,301.4,241.0,-60.4,0.0,0,0,hold,3539
59,301.4,241.0,-60.4,0.0,0,0,hold,3541
59,301.3,241.0,-60.3,0.0,0,0,hold,3543
59,301.3,241.0,-60.3,0.0,0,0,hold,3545
59,301.2,241.0,-60.2,0.0,0,0,hold,3547
59,301.2,241.0,-60.2,0.0,0,0,hold,3549
59,301.2,241.0,-60.2,0.0,0,0,hold,3551
59,301.1,241.0,-60.1,0.0,0,0,hold,3553
59,301.1,241.0,-60.1,0.0,0,0,hold,3555
59,301.1,241.0,-60.1,0.0,0,0,hold,3557
59,301.0,241.0,-60.0,0.0,0,0,hold,3559
59,300.9,241.0,-59.9,0.0,0,0,hold,3561
59,300.8,241.0,-59.8,0.0,0,0,hold,3563
59,300.8,241.0,-59.8,0.0,0,0,hold,3565
59,300.8,241.0,-59.8,0.0,0,0,hold,3567
59,300.7,241.0,-59.7,0.0,0,0,hold,3569
59,300.6,241.0,-59.6,0.0,0,0,hold,3571
59,300.6,241.0,-59.6,0.0,0,0,hold,3573
59,300.6,241.0,-59.6,0.0,0,0,hold,3575
59,300.6,241.0,-59.6,0.0,0,0,hold,3577
59,300.6,241.0,-59.6,0.0,0,0,hold,3579
59,300.5,241.0,-59.5,0.0,0,0,hold,3581
59,300.4,241.0,-59.4,0.0,0,0,hold,3583
59,300.4,241.0,-59.4,0.0,0,0,hold,3585
59,300.3,241.0,-59.3,0.0,0,0,hold,3587
59,300.3,241.0,-59.3,0.0,0,0,hold,3589
59,300.3,241.0,-59.3,0.0,0,0,hold,3591
59,300.2,241.0,-59.2,0.0,0,0,hold,3593
59,300.1,241.0,-59.1,0.0,0,0,hold,3595
59,300.0,241.0,-59.0,0.0,0,0,hold,3597
59,300.0,241.0,-59.0,0.0,0,0,hold,3599
60,300.0,241.0,-59.0,0.0,0,0,hold,3601
60,300.0,241.0,-59.0,0.0,0,0,hold,3603
60,299.9,241.0,-58.9,0.0,0,0,hold,3605
60,299.9,241.0,-58.9,0.0,0,0,hold,3607
60,299.8,241.0,-58.8,0.0,0,0,hold,3609
60,299.7,241.0,-58.7,0.0,0,0,hold,3611
60,299.6,241.0,-58.6,0.0,0,0,hold,3613
60,299.6,241.0,-58.6,0.0,0,0,hold,3615
60,299.6,241.0,-58.6,0.0,0,0,hold,3617
60,299.6,241.0,-58.6,0.0,0,0,hold,3619
60,299.6,241.0,-58.6,0.0,0,0,hold,3621
60,299.6,241.0,-58.6,0.0,0,0,hold,3623
60,299.5,241.0,-58.5,0.0,0,0,hold,3625
60,299.4,241.0,-58.4,0.0,0,0,hold,3627
60,299.3,241.0,-58.3,0.0,0,0,hold,3629
60,299.2,241.0,-58.2,0.0,0,0,hold,3631
60,299.3,241.0,-58.3,0.0,0,0,hold,3633
60,299.2,241.0,-58.2,0.0,0,0,hold,3635
60,299.2,241.0,-58.2,0.0,0,0,hold,3637
60,299.1,241.0,-58.1,0.0,0,0,hold,3639
60,299.0,241.0,-58.0,0.0,0,0,hold,3642
60,299.0,241.0,-58.0,0.0,0,0,hold,3644
60,299.0,241.0,-58.0,0.0,0,0,hold,3646
60,298.9,241.0,-57.9,0.0,0,0,hold,3648
60,298.9,241.0,-57.9,0.0,0,0,hold,3650
60,298.9,241.0,-57.9,0.0,0,0,hold,3652
60,298.8,241.0,-57.8,0.0,0,0,hold,3654
60,298.7,241.0,-57.7,0.0,0,0,hold,3656
60,298.7,241.0,-57.7,0.0,0,0,hold,3658
61,298.5,241.0,-57.5,0.0,0,0,hold,3660
61,298.6,241.0,-57.6,0.0,0,0,hold,3662
61,298.6,241.0,-57.6,0.0,0,0,hold,3664
61,298.5,241.0,-57.5,0.0,0,0,hold,3666
61,298.5,241.0,-57.5,0.0,0,0,hold,3668
61,298.5,241.0,-57.5,0.0,0,0,hold,3670
61,298.4,241.0,-57.4,0.0,0,0,hold,3672
61,298.4,241.0,-57.4,0.0,0,0,hold,3674
61,298.4,241.0,-57.4,0.0,0,0,hold,3676
61,298.2,241.0,-57.2,0.0,0,0,hold,3678
61,298.3,241.0,-57.3,0.0,0,0,hold,3680
61,298.2,241.0,-57.2,0.0,0,0,hold,3682
61,298.2,241.0,-57.2,0.0,0,0,hold,3684
61,298.1,241.0,-57.1,0.0,0,0,hold,3686
61,298.1,241.0,-57.1,0.0,0,0,hold,3688
61,298.0,241.0,-57.0,0.0,0,0,hold,3690
61,297.9,241.0,-56.9,0.0,0,0,hold,3692
61,297.9,241.0,-56.9,0.0,0,0,hold,3694
61,297.8,241.0,-56.8,0.0,0,0,hold,3696
61,297.9,241.0,-56.9,0.0,0,0,hold,3698
61,297.8,241.0,-56.8,0.0,0,0,hold,3700
61,297.7,241.0,-56.7,0.0,0,0,hold,3702
61,297.7,241.0,-56.7,0.0,0,0,hold,3704
61,297.6,241.0,-56.6,0.0,0,0,hold,3706
61,297.7,241.0,-56.7,0.0,0,0,hold,3708
61,297.5,241.0,-56.5,0.0,0,0,hold,3710
61,297.6,241.0,-56.6,0.0,0,0,hold,3712
61,297.5,241.0,-56.5,0.0,0,0,hold,3714
61,297.4,241.0,-56.4,0.0,0,0,hold,3716
61,297.4,241.0,-56.4,0.0,0,0,hold,3718
62,297.4,241.0,-56.4,0.0,0,0,hold,3720
62,297.3,241.0,-56.3,0.0,0,0,hold,3722
62,297.2,241.0,-56.2,0.0,0,0,hold,3724
62,297.3,241.0,-56.3,0.0,0,0,hold,3726
62,297.1,241.0,-56.1,0.0,0,0,hold,3728
62,297.1,241.0,-56.1,0.0,0,0,hold,3730
62,297.1,241.0,-56.1,0.0,0,0,hold,3732
62,297.0,241.0,-56.0,0.0,0,0,hold,3734
62,296.9,241.0,-55.9,0.0,0,0,hold,3736
62,296.9,241.0,-55.9,0.0,0,0,hold,3738
62,296.9,241.0,-55.9,0.0,0,0,hold,3740
62,296.9,241.0,-55.9,0.0,0,0,hold,3742
62,296.8,241.0,-55.8,0.0,0,0,hold,3744
62,296.8,241.0,-55.8,0.0,0,0,hold,3746
62,296.6,241.0,-55.6,0.0,0,0,hold,3748
62,296.6,241.0,-55.6,0.0,0,0,hold,3750
62,296.7,241.0,-55.7,0.0,0,0,hold,3752
62,296.6,241.0,-55.6,0.0,0,0,hold,3754
62,296.6,241.0,-55.6,0.0,0,0,hold,3756
62,296.5,241.0,-55.5,0.0,0,0,hold,3758
62,296.5,241.0,-55.5,0.0,0,0,hold,3760
62,296.4,241.0,-55.4,0.0,0,0,hold,3762
62,296.3,241.0,-55.3,0.0,0,0,hold,3764
62,296.3,241.0,-55.3,0.0,0,0,hold,3766
62,296.3,241.0,-55.3,0.0,0,0,hold,3768
62,296.2,241.0,-55.2,0.0,0,0,hold,3770
62,296.1,241.0,-55.1,0.0,0,0,hold,3772
62,296.1,241.0,-55.1,0.0,0,0,hold,3774
62,296.0,241.0,-55.0,0.0,0,0,hold,3776
62,296.1,241.0,-55.1,0.0,0,0,hold,3778
63,296.1,241.0,-55.1,0.0,0,0,hold,3780
63,296.0,241.0,-55.0,0.0,0,0,hold,3782
63,295.9,241.0,-54.9,0.0,0,0,hold,3784
63,295.8,241.0,-54.8,0.0,0,0,hold,3786
63,295.9,241.0,-54.9,0.0,0,0,hold,3788
63,295.8,241.0,-54.8,0.0,0,0,hold,3790
63,295.7,241.0,-54.7,0.0,0,0,hold,3792
63,295.7,241.0,-54.7,0.0,0,0,hold,3794
63,295.6,241.0,-54.6,0.0,0,0,hold,3796
63,295.6,241.0,-54.6,0.0,0,0,hold,3798
63,295.6,241.0,-54.6,0.0,0,0,hold,3800
63,295.5,241.0,-54.5,0.0,0,0,hold,3802
63,295.5,241.0,-54.5,0.0,0,0,hold,3804
63,295.5,241.0,-54.5,0.0,0,0,hold,3806
63,295.4,241.0,-54.4,0.0,0,0,hold,3808
63,295.3,241.0,-54.3,0.0,0,0,hold,3810
63,295.2,241.0,-54.2,0.0,0,0,hold,3812
63,295.3,241.0,-54.3,0.0,0,0,hold,3814
63,295.1,241.0,-54.1,0.0,0,0,hold,3816
63,295.1,241.0,-54.1,0.0,0,0,hold,3818
63,295.1,241.0,-54.1,0.0,0,0,hold,3820
63,295.0,241.0,-54.0,0.0,0,0,hold,3822
63,295.0,241.0,-54.0,0.0,0,0,hold,3824
63,295.0,241.0,-54.0,0.0,0,0,hold,3827
63,295.0,241.0,-54.0,0.0,0,0,hold,3829
63,295.0,241.0,-54.0,0.0,0,0,hold,3831
63,294.8,241.0,-53.8,0.0,0,0,hold,3833
63,294.9,241.0,-53.9,0.0,0,0,hold,3835
63,294.8,241.0,-53.8,0.0,0,0,hold,3837
63,294.6,241.0,-53.6,0.0,0,0,hold,3839
64,294.6,241.0,-53.6,0.0,0,0,hold,3841
64,294.6,241.0,-53.6,0.0,0,0,hold,3843
64,294.6,241.0,-53.6,0.0,0,0,hold,3845
64,294.4,241.0,-53.4,0.0,0,0,hold,3847
64,294.5,241.0,-53.5,0.0,0,0,hold,3849
64,294.4,241.0,-53.4,0.0,0,0,hold,3851
64,294.4,241.0,-53.4,0.0,0,0,hold,3853
64,294.3,241.0,-53.3,0.0,0,0,hold,3855
64,294.4,241.0,-53.4,0.0,0,0,hold,3857
64,294.2,241.0,-53.2,0.0,0,0,hold,3859
64,294.3,241.0,-53.3,0.0,0,0,hold,3861
64,294.1,241.0,-53.1,0.0,0,0,hold,3863
64,294.0,241.0,-53.0,0.0,0,0,hold,3865
64,294.1,241.0,-53.1,0.0,0,0,hold,3867
64,294.1,241.0,-53.1,0.0,0,0,hold,3869
64,294.0,241.0,-53.0,0.0,0,0,hold,3871
64,294.0,241.0,-53.0,0.0,0,0,hold,3873
64,293.9,241.0,-52.9,0.0,0,0,hold,3875
64,293.9,241.0,-52.9,0.0,0,0,hold,3877
64,293.8,241.0,-52.8,0.0,0,0,hold,3879
64,293.7,241.0,-52.7,0.0,0,0,hold,3881
64,293.7,241.0,-52.7,0.0,0,0,hold,3883
64,293.7,241.0,-52.7,0.0,0,0,hold,3885
64,293.5,241.0,-52.5,0.0,0,0,hold,3887
64,293.6,241.0,-52.6,0.0,0,0,hold,3889
64,293.6,241.0,-52.6,0.0,0,0,hold,3891
64,293.5,241.0,-52.5,0.0,0,0,hold,3893
64,293.5,241.0,-52.5,0.0,0,0,hold,3895
64,293.4,241.0,-52.4,0.0,0,0,hold,3897
64,293.3,241.0,-52.3,0.0,0,0,hold,3899
65,293.3,241.0,-52.3,0.0,0,0,hold,3901
65,293.3,241.0,-52.3,0.0,0,0,hold,3903
65,293.2,241.0,-52.2,0.0,0,0,hold,3905
65,293.1,241.0,-52.1,0.0,0,0,hold,3907
65,293.2,241.0,-52.2,0.0,0,0,hold,3909
65,293.2,241.0,-52.2,0.0,0,0,hold,3911
65,293.0,241.0,-52.0,0.0,0,0,hold,3913
65,293.0,241.0,-52.0,0.0,0,0,hold,3915
65,293.1,241.0,-52.1,0.0,0,0,hold,3917
65,292.9,241.0,-51.9,0.0,0,0,hold,3919
65,292.9,241.0,-51.9,0.0,0,0,hold,3921
65,292.9,241.0,-51.9,0.0,0,0,hold,3923
65,292.7,241.0,-51.7,0.0,0,0,hold,3925
65,292.8,241.0,-51.8,0.0,0,0,hold,3927
65,292.7,241.0,-51.7,0.0,0,0,hold,3929
65,292.7,241.0,-51.7,0.0,0,0,hold,3931
65,292.6,241.0,-51.6,0.0,0,0,hold,3933
65,292.6,241.0,-51.6,0.0,0,0,hold,3935
65,292.5,241.0,-51.5,0.0,0,0,hold,3937
65,292.5,241.0,-51.5,0.0,0,0,hold,3939
65,292.5,241.0,-51.5,0.0,0,0,hold,3941
65,292.4,241.0,-51.4,0.0,0,0,hold,3943
65,292.4,241.0,-51.4,0.0,0,0,hold,3945
65,292.3,241.0,-51.3,0.0,0,0,hold,3947
65,292.2,241.0,-51.2,0.0,0,0,hold,3949
65,292.2,241.0,-51.2,0.0,0,0,hold,3951
65,292.2,241.0,-51.2,0.0,0,0,hold,3953
65,292.1,241.0,-51.1,0.0,0,0,hold,3955
65,292.1,241.0,-51.1,0.0,0,0,hold,3957
65,292.0,241.0,-51.0,0.0,0,0,hold,3959
66,292.0,241.0,-51.0,0.0,0,0,hold,3961
66,291.8,241.0,-50.8,0.0,0,0,hold,3963
66,291.9,241.0,-50.9,0.0,0,0,hold,3965
66,291.9,241.0,-50.9,0.0,0,0,hold,3967
66,291.8,241.0,-50.8,0.0,0,0,hold,3969
66,291.8,241.0,-50.8,0.0,0,0,hold,3971
66,291.7,241.0,-50.7,0.0,0,0,hold,3973
66,291.7,241.0,-50.7,0.0,0,0,hold,3975
66,291.7,241.0,-50.7,0.0,0,0,hold,3977
66,291.7,241.0,-50.7,0.0,0,0,hold,3979
66,291.5,241.0,-50.5,0.0,0,0,hold,3981
66,291.5,241.0,-50.5,0.0,0,0,hold,3983
66,291.5,241.0,-50.5,0.0,0,0,hold,3985
66,291.4,241.0,-50.4,0.0,0,0,hold,3987
66,291.4,241.0,-50.4,0.0,0,0,hold,3989
66,291.3,241.0,-50.3,0.0,0,0,hold,3991
66,291.3,241.0,-50.3,0.0,0,0,hold,3993
66,291.2,241.0,-50.2,0.0,0,0,hold,3995
66,291.2,241.0,-50.2,0.0,0,0,hold,3997
66,291.2,241.0,-50.2,0.0,0,0,hold,3999
66,291.1,241.0,-50.1,0.0,0,0,hold,4001
66,291.1,241.0,-50.1,0.0,0,0,hold,4003
66,291.1,241.0,-50.1,0.0,0,0,hold,4005
66,291.0,241.0,-50.0,0.0,0,0,hold,4007
66,290.9,241.0,-49.9,0.0,0,0,hold,4009
66,290.8,241.0,-49.8,0.0,0,0,hold,4012
66,290.9,241.0,-49.9,0.0,0,0,hold,4014
66,290.8,241.0,-49.8,0.0,0,0,hold,4016
66,290.8,241.0,-49.8,0.0,0,0,hold,4018
67,290.7,241.0,-49.7,0.0,0,0,hold,4020
67,290.7,241.0,-49.7,0.0,0,0,hold,4022
67,290.6,241.0,-49.6,0.0,0,0,hold,4024
67,290.7,241.0,-49.7,0.0,0,0,hold,4026
67,290.6,241.0,-49.6,0.0,0,0,hold,4028
67,290.5,241.0,-49.5,0.0,0,0,hold,4030
67,290.5,241.0,-49.5,0.0,0,0,hold,4032
67,290.4,241.0,-49.4,0.0,0,0,hold,4034
67,290.4,241.0,-49.4,0.0,0,0,hold,4036
67,290.3,241.0,-49.3,0.0,0,0,hold,4038
67,290.3,241.0,-49.3,0.0,0,0,hold,4040
67,290.3,241.0,-49.3,0.0,0,0,hold,4042
67,290.1,241.0,-49.1,0.0,0,0,hold,4044
67,290.2,241.0,-49.2,0.0,0,0,hold,4046
67,290.1,241.0,-49.1,0.0,0,0,hold,4048
67,290.0,241.0,-49.0,0.0,0,0,hold,4050
67,290.0,241.0,-49.0,0.0,0,0,hold,4052
67,289.9,241.0,-48.9,0.0,0,0,hold,4054
67,289.9,241.0,-48.9,0.0,0,0,hold,4056
67,289.9,241.0,-48.9,0.0,0,0,hold,4058
67,289.9,241.0,-48.9,0.0,0,0,hold,4060
67,289.8,241.0,-48.8,0.0,0,0,hold,4062
67,289.6,241.0,-48.6,0.0,0,0,hold,4064
67,289.7,241.0,-48.7,0.0,0,0,hold,4066
67,289.6,241.0,-48.6,0.0,0,0,hold,4068
67,289.6,241.0,-48.6,0.0,0,0,hold,4070
67,289.5,241.0,-48.5,0.0,0,0,hold,4072
67,289.5,241.0,-48.5,0.0,0,0,hold,4074
67,289.4,241.0,-48.4,0.0,0,0,hold,4076
67,289.4,241.0,-48.4,0.0,0,0,hold,4078
68,289.4,241.0,-48.4,0.0,0,0,hold,4080
68,289.4,241.0,-48.4,0.0,0,0,hold,4082
68,289.3,241.0,-48.3,0.0,0,0,hold,4084
68,289.2,241.0,-48.2,0.0,0,0,hold,4086
68,289.2,241.0,-48.2,0.0,0,0,hold,4088
68,289.2,241.0,-48.2,0.0,0,0,hold,4090
68,289.1,241.0,-48.1,0.0,0,0,hold,4092
68,289.1,241.0,-48.1,0.0,0,0,hold,4094
68,289.0,241.0,-48.0,0.0,0,0,hold,4096
68,289.0,241.0,-48.0,0.0,0,0,hold,4098
68,288.9,241.0,-47.9,0.0,0,0,hold,4100
68,289.0,241.0,-48.0,0.0,0,0,hold,4102
68,288.8,241.0,-47.8,0.0,0,0,hold,4104
68,288.8,241.0,-47.8,0.0,0,0,hold,4106
68,288.8,241.0,-47.8,0.0,0,0,hold,4108
68,288.8,241.0,-47.8,0.0,0,0,hold,4110
68,288.7,241.0,-47.7,0.0,0,0,hold,4112
68,288.7,241.0,-47.7,0.0,0,0,hold,4114
68,288.6,241.0,-47.6,0.0,0,0,hold,4116
68,288.6,241.0,-47.6,0.0,0,0,hold,4118
68,288.5,241.0,-47.5,0.0,0,0,hold,4120
68,288.5,241.0,-47.5,0.0,0,0,hold,4122
68,288.5,241.0,-47.5,0.0,0,0,hold,4124
68,288.5,241.0,-47.5,0.0,0,0,hold,4126
68,288.4,241.0,-47.4,0.0,0,0,hold,4128
68,288.3,241.0,-47.3,0.0,0,0,hold,4130
68,288.2,241.0,-47.2,0.0,0,0,hold,4132
68,288.2,241.0,-47.2,0.0,0,0,hold,4134
68,288.1,241.0,-47.1,0.0,0,0,hold,4136
68,288.1,241.0,-47.1,0.0,0,0,hold,4138
69,288.1,241.0,-47.1,0.0,0,0,hold,4140
69,287.9,241.0,-46.9,0.0,0,0,hold,4142
69,288.0,241.0,-47.0,0.0,0,0,hold,4144
69,288.0,241.0,-47.0,0.0,0,0,hold,4146
69,287.9,241.0,-46.9,0.0,0,0,hold,4148
69,287.9,241.0,-46.9,0.0,0,0,hold,4150
69,287.9,241.0,-46.9,0.0,0,0,hold,4152
69,287.8,241.0,-46.8,0.0,0,0,hold,4154
69,287.7,241.0,-46.7,0.0,0,0,hold,4156
69,287.8,241.0,-46.8,0.0,0,0,hold,4158
69,287.6,241.0,-46.6,0.0,0,0,hold,4160
69,287.6,241.0,-46.6,0.0,0,0,hold,4162
69,287.5,241.0,-46.5,0.0,0,0,hold,4164
69,287.5,241.0,-46.5,0.0,0,0,hold,4166
69,287.4,241.0,-46.4,0.0,0,0,hold,4168
69,287.4,241.0,-46.4,0.0,0,0,hold,4170
69,287.4,241.0,-46.4,0.0,0,0,hold,4172
69,287.3,241.0,-46.3,0.0,0,0,hold,4174
69,287.2,241.0,-46.2,0.0,0,0,hold,4176
69,287.2,241.0,-46.2,0.0,0,0,hold,4178
69,287.2,241.0,-46.2,0.0,0,0,hold,4180
69,287.1,241.0,-46.1,0.0,0,0,hold,4182
69,287.1,241.0,-46.1,0.0,0,0,hold,4184
69,287.2,241.0,-46.2,0.0,0,0,hold,4186
69,287.1,241.0,-46.1,0.0,0,0,hold,4188
69,287.0,241.0,-46.0,0.0,0,0,hold,4190
69,287.0,241.0,-46.0,0.0,0,0,hold,4192
69,286.9,241.0,-45.9,0.0,0,0,hold,4194
69,286.9,241.0,-45.9,0.0,0,0,hold,4197
69,286.8,241.0,-45.8,0.0,0,0,hold,4199
70,286.9,241.0,-45.9,0.0,0,0,hold,4201
70,286.8,241.0,-45.8,0.0,0,0,hold,4203
70,286.8,241.0,-45.8,0.0,0,0,hold,4205
70,286.7,241.0,-45.7,0.0,0,0,hold,4207
70,286.6,241.0,-45.6,0.0,0,0,hold,4209
70,286.5,241.0,-45.5,0.0,0,0,hold,4211
70,286.6,241.0,-45.6,0.0,0,0,hold,4213
70,286.5,241.0,-45.5,0.0,0,0,hold,4215
70,286.4,241.0,-45.4,0.0,0,0,hold,4217
70,286.4,241.0,-45.4,0.0,0,0,hold,4219
70,286.3,241.0,-45.3,0.0,0,0,hold,4221
70,286.4,241.0,-45.4,0.0,0,0,hold,4223
70,286.2,241.0,-45.2,0.0,0,0,hold,4225
70,286.3,241.0,-45.3,0.0,0,0,hold,4227
70,286.2,241.0,-45.2,0.0,0,0,hold,4229
70,286.1,241.0,-45.1,0.0,0,0,hold,4231
70,286.0,241.0,-45.0,0.0,0,0,hold,4233
70,286.1,241.0,-45.1,0.0,0,0,hold,4235
70,286.0,241.0,-45.0,0.0,0,0,hold,4237
70,286.1,241.0,-45.1,0.0,0,0,hold,4239
70,285.9,241.0,-44.9,0.0,0,0,hold,4241
70,286.0,241.0,-45.0,0.0,0,0,hold,4243
70,285.8,241.0,-44.8,0.0,0,0,hold,4245
70,285.9,241.0,-44.9,0.0,0,0,hold,4247
70,285.6,241.0,-44.6,0.0,0,0,hold,4249
70,285.8,241.0,-44.8,0.0,0,0,hold,4251
70,285.7,241.0,-44.7,0.0,0,0,hold,4253
70,285.5,241.0,-44.5,0.0,0,0,hold,4255
70,285.6,241.0,-44.6,0.0,0,0,hold,4257
70,285.5,241.0,-44.5,0.0,0,0,hold,4259
71,285.4,241.0,-44.4,0.0,0,0,hold,4261
71,285.5,241.0,-44.5,0.0,0,0,hold,4263
71,285.3,241.0,-44.3,0.0,0,0,hold,4265
71,285.2,241.0,-44.2,0.0,0,0,hold,4267
71,285.4,241.0,-44.4,0.0,0,0,hold,4269
71,285.3,241.0,-44.3,0.0,0,0,hold,4271
71,285.2,241.0,-44.2,0.0,0,0,hold,4273
71,285.1,241.0,-44.1,0.0,0,0,hold,4275
71,285.1,241.0,-44.1,0.0,0,0,hold,4277
71,285.1,241.0,-44.1,0.0,0,0,hold,4279
71,285.0,241.0,-44.0,0.0,0,0,hold,4281
71,285.0,241.0,-44.0,0.0,0,0,hold,4283
71,285.0,241.0,-44.0,0.0,0,0,hold,4285
71,284.9,241.0,-43.9,0.0,0,0,hold,4287
71,284.9,241.0,-43.9,0.0,0,0,hold,4289
71,284.8,241.0,-43.8,0.0,0,0,hold,4291
71,284.7,241.0,-43.7,0.0,0,0,hold,4293
71,284.8,241.0,-43.8,0.0,0,0,hold,4295
71,284.7,241.0,-43.7,0.0,0,0,hold,4297
71,284.7,241.0,-43.7,0.0,0,0,hold,4299
71,284.6,241.0,-43.6,0.0,0,0,hold,4301
71,284.7,241.0,-43.7,0.0,0,0,hold,4303
71,284.6,241.0,-43.6,0.0,0,0,hold,4305
71,284.5,241.0,-43.5,0.0,0,0,hold,4307
71,284.5,241.0,-43.5,0.0,0,0,hold,4309
71,284.4,241.0,-43.4,0.0,0,0,hold,4311
71,284.4,241.0,-43.4,0.0,0,0,hold,4313
71,284.4,241.0,-43.4,0.0,0,0,hold,4315
71,284.3,241.0,-43.3,0.0,0,0,hold,4317
71,284.2,241.0,-43.2,0.0,0,0,hold,4319
72,284.2,241.0,-43.2,0.0,0,0,hold,4321
72,284.2,241.0,-43.2,0.0,0,0,hold,4323
72,284.1,241.0,-43.1,0.0,0,0,hold,4325
72,284.1,241.0,-43.1,0.0,0,0,hold,4327
72,284.1,241.0,-43.1,0.0,0,0,hold,4329
72,284.0,241.0,-43.0,0.0,0,0,hold,4331
72,284.0,241.0,-43.0,0.0,0,0,hold,4333
72,283.9,241.0,-42.9,0.0,0,0,hold,4335
72,284.0,241.0,-43.0,0.0,0,0,hold,4337
72,283.8,241.0,-42.8,0.0,0,0,hold,4339
72,283.9,241.0,-42.9,0.0,0,0,hold,4341
72,283.8,241.0,-42.8,0.0,0,0,hold,4343
72,283.8,241.0,-42.8,0.0,0,0,hold,4345
72,283.6,241.0,-42.6,0.0,0,0,hold,4347
72,283.7,241.0,-42.7,0.0,0,0,hold,4349
72,283.6,241.0,-42.6,0.0,0,0,hold,4351
72,283.6,241.0,-42.6,0.0,0,0,hold,4353
72,283.6,241.0,-42.6,0.0,0,0,hold,4355
72,283.4,241.0,-42.4,0.0,0,0,hold,4357
72,283.4,241.0,-42.4,0.0,0,0,hold,4359
72,283.3,241.0,-42.3,0.0,0,0,hold,4361
72,283.4,241.0,-42.4,0.0,0,0,hold,4363
72,283.4,241.0,-42.4,0.0,0,0,hold,4365
72,283.3,241.0,-42.3,0.0,0,0,hold,4367
72,283.3,241.0,-42.3,0.0,0,0,hold,4369
72,283.1,241.0,-42.1,0.0,0,0,hold,4371
72,283.2,241.0,-42.2,0.0,0,0,hold,4373
72,283.1,241.0,-42.1,0.0,0,0,hold,4375
72,283.0,241.0,-42.0,0.0,0,0,hold,4377
73,283.0,241.0,-42.0,0.0,0,0,hold,4380
73,283.0,241.0,-42.0,0.0,0,0,hold,4382
73,283.0,241.0,-42.0,0.0,0,0,hold,4384
73,282.9,241.0,-41.9,0.0,0,0,hold,4386
73,282.8,241.0,-41.8,0.0,0,0,hold,4388
73,282.9,241.0,-41.9,0.0,0,0,hold,4390
73,282.9,241.0,-41.9,0.0,0,0,hold,4392
73,282.8,241.0,-41.8,0.0,0,0,hold,4394
73,282.7,241.0,-41.7,0.0,0,0,hold,4396
73,282.6,241.0,-41.6,0.0,0,0,hold,4398
73,282.5,241.0,-41.5,0.0,0,0,hold,4400
73,282.6,241.0,-41.6,0.0,0,0,hold,4402
73,282.5,241.0,-41.5,0.0,0,0,hold,4404
73,282.4,241.0,-41.4,0.0,0,0,hold,4406
73,282.4,241.0,-41.4,0.0,0,0,hold,4408
73,282.4,241.0,-41.4,0.0,0,0,hold,4410
73,282.4,241.0,-41.4,0.0,0,0,hold,4412
73,282.2,241.0,-41.2,0.0,0,0,hold,4414
73,282.3,241.0,-41.3,0.0,0,0,hold,4416
73,282.1,241.0,-41.1,0.0,0,0,hold,4418
73,282.2,241.0,-41.2,0.0,0,0,hold,4420
73,282.2,241.0,-41.2,0.0,0,0,hold,4422
73,282.1,241.0,-41.1,0.0,0,0,hold,4424
73,282.0,241.0,-41.0,0.0,0,0,hold,4426
73,282.0,241.0,-41.0,0.0,0,0,hold,4428
73,281.9,241.0,-40.9,0.0,0,0,hold,4430
73,281.8,241.0,-40.8,0.0,0,0,hold,4432
73,281.8,241.0,-40.8,0.0,0,0,hold,4434
73,281.8,241.0,-40.8,0.0,0,0,hold,4436
73,281.8,241.0,-40.8,0.0,0,0,hold,4438
74,281.7,241.0,-40.7,0.0,0,0,hold,4440
74,281.7,241.0,-40.7,0.0,0,0,hold,4442
74,281.5,241.0,-40.5,0.0,0,0,hold,4444
74,281.5,241.0,-40.5,0.0,0,0,hold,4446
74,281.5,241.0,-40.5,0.0,0,0,hold,4448
74,281.4,241.0,-40.4,0.0,0,0,hold,4450
74,281.4,241.0,-40.4,0.0,0,0,hold,4452
74,281.3,241.0,-40.3,0.0,0,0,hold,4454
74,281.3,241.0,-40.3,0.0,0,0,hold,4456
74,281.2,241.0,-40.2,0.0,0,0,hold,4458
74,281.2,241.0,-40.2,0.0,0,0,hold,4460
74,281.2,241.0,-40.2,0.0,0,0,hold,4462
74,281.1,241.0,-40.1,0.0,0,0,hold,4464
74,281.0,241.0,-40.0,0.0,0,0,hold,4466
74,281.0,241.0,-40.0,0.0,0,0,hold,4468
74,281.0,241.0,-40.0,0.0,0,0,hold,4470
74,280.9,241.0,-39.9,0.0,0,0,hold,4472
74,280.8,241.0,-39.8,0.0,0,0,hold,4474
74,280.8,241.0,-39.8,0.0,0,0,hold,4476
74,280.8,241.0,-39.8,0.0,0,0,hold,4478
74,280.7,241.0,-39.7,0.0,0,0,hold,4480
74,280.7,241.0,-39.7,0.0,0,0,hold,4482
74,280.6,241.0,-39.6,0.0,0,0,hold,4484
74,280.7,241.0,-39.7,0.0,0,0,hold,4486
74,280.5,241.0,-39.5,0.0,0,0,hold,4488
74,280.4,241.0,-39.4,0.0,0,0,hold,4490
74,280.5,241.0,-39.5,0.0,0,0,hold,4492
74,280.4,241.0,-39.4,0.0,0,0,hold,4494
74,280.3,241.0,-39.3,0.0,0,0,hold,4496
74,280.2,241.0,-39.2,0.0,0,0,hold,4498
75,280.2,241.0,-39.2,0.0,0,0,hold,4500
75,280.3,241.0,-39.3,0.0,0,0,hold,4502
75,280.2,241.0,-39.2,0.0,0,0,hold,4504
75,280.0,241.0,-39.0,0.0,0,0,hold,4506
75,280.0,241.0,-39.0,0.0,0,0,hold,4508
75,280.0,241.0,-39.0,0.0,0,0,hold,4510
75,280.0,241.0,-39.0,0.0,0,0,hold,4512
75,279.8,241.0,-38.8,0.0,0,0,hold,4514
75,279.9,241.0,-38.9,0.0,0,0,hold,4516
75,279.7,241.0,-38.7,0.0,0,0,hold,4518
75,279.8,241.0,-38.8,0.0,0,0,hold,4520
75,279.6,241.0,-38.6,0.0,0,0,hold,4522
75,279.5,241.0,-38.5,0.0,0,0,hold,4524
75,279.5,241.0,-38.5,0.0,0,0,hold,4526
75,279.6,241.0,-38.6,0.0,0,0,hold,4528
75,279.5,241.0,-38.5,0.0,0,0,hold,4530
75,279.3,241.0,-38.3,0.0,0,0,hold,4532
75,279.3,241.0,-38.3,0.0,0,0,hold,4534
75,279.3,241.0,-38.3,0.0,0,0,hold,4536
75,279.2,241.0,-38.2,0.0,0,0,hold,4538
75,279.1,241.0,-38.1,0.0,0,0,hold,4540
75,279.1,241.0,-38.1,0.0,0,0,hold,4542
75,279.0,241.0,-38.0,0.0,0,0,hold,4544
75,278.9,241.0,-37.9,0.0,0,0,hold,4546
75,279.0,241.0,-38.0,0.0,0,0,hold,4548
75,278.9,241.0,-37.9,0.0,0,0,hold,4550
75,278.9,241.0,-37.9,0.0,0,0,hold,4552
75,278.8,241.0,-37.8,0.0,0,0,hold,4554
75,278.7,241.0,-37.7,0.0,0,0,hold,4556
75,278.7,241.0,-37.7,0.0,0,0,hold,4558
76,278.6,241.0,-37.6,0.0,0,0,hold,4561
76,278.5,241.0,-37.5,0.0,0,0,hold,4563
76,278.5,241.0,-37.5,0.0,0,0,hold,4565
76,278.6,241.0,-37.6,0.0,0,0,hold,4567
76,278.4,241.0,-37.4,0.0,0,0,hold,4569
76,278.5,241.0,-37.5,0.0,0,0,hold,4571
76,278.4,241.0,-37.4,0.0,0,0,hold,4573
76,278.3,241.0,-37.3,0.0,0,0,hold,4575
76,278.2,241.0,-37.2,0.0,0,0,hold,4577
76,278.2,241.0,-37.2,0.0,0,0,hold,4579
76,278.2,241.0,-37.2,0.0,0,0,hold,4581
76,278.1,241.0,-37.1,0.0,0,0,hold,4583
76,278.1,241.0,-37.1,0.0,0,0,hold,4585
76,278.1,241.0,-37.1,0.0,0,0,hold,4587
76,278.0,241.0,-37.0,0.0,0,0,hold,4589
76,278.0,241.0,-37.0,0.0,0,0,hold,4591
76,277.9,241.0,-36.9,0.0,0,0,hold,4593
76,277.9,241.0,-36.9,0.0,0,0,hold,4595
76,277.9,241.0,-36.9,0.0,0,0,hold,4597
76,277.8,241.0,-36.8,0.0,0,0,hold,4599
76,277.7,241.0,-36.7,0.0,0,0,hold,4601
76,277.7,241.0,-36.7,0.0,0,0,hold,4603
76,277.7,241.0,-36.7,0.0,0,0,hold,4605
76,277.6,241.0,-36.6,0.0,0,0,hold,4607
76,277.5,241.0,-36.5,0.0,0,0,hold,4609
76,277.6,241.0,-36.6,0.0,0,0,hold,4611
76,277.5,241.0,-36.5,0.0,0,0,hold,4613
76,277.5,241.0,-36.5,0.0,0,0,hold,4615
76,277.4,241.0,-36.4,0.0,0,0,hold,4617
76,277.4,241.0,-36.4,0.0,0,0,hold,4619
77,277.2,241.0,-36.2,0.0,0,0,hold,4621
77,277.2,241.0,-36.2,0.0,0,0,hold,4623
77,277.3,241.0,-36.3,0.0,0,0,hold,4625
77,277.1,241.0,-36.1,0.0,0,0,hold,4627
77,277.1,241.0,-36.1,0.0,0,0,hold,4629
77,277.1,241.0,-36.1,0.0,0,0,hold,4631
77,277.1,241.0,-36.1,0.0,0,0,hold,4633
77,277.1,241.0,-36.1,0.0,0,0,hold,4635
77,277.0,241.0,-36.0,0.0,0,0,hold,4637
77,277.0,241.0,-36.0,0.0,0,0,hold,4639
77,276.9,241.0,-35.9,0.0,0,0,hold,4641
77,276.9,241.0,-35.9,0.0,0,0,hold,4643
77,276.8,241.0,-35.8,0.0,0,0,hold,4645
77,276.7,241.0,-35.7,0.0,0,0,hold,4647
77,276.8,241.0,-35.8,0.0,0,0,hold,4649
77,276.7,241.0,-35.7,0.0,0,0,hold,4651
77,276.7,241.0,-35.7,0.0,0,0,hold,4653
77,276.7,241.0,-35.7,0.0,0,0,hold,4655
77,276.6,241.0,-35.6,0.0,0,0,hold,4657
77,276.6,241.0,-35.6,0.0,0,0,hold,4659
77,276.6,241.0,-35.6,0.0,0,0,hold,4661
77,276.6,241.0,-35.6,0.0,0,0,hold,4663
77,276.5,241.0,-35.5,0.0,0,0,hold,4665
77,276.5,241.0,-35.5,0.0,0,0,hold,4667
77,276.5,241.0,-35.5,0.0,0,0,hold,4669
77,276.4,241.0,-35.4,0.0,0,0,hold,4671
77,276.3,241.0,-35.3,0.0,0,0,hold,4673
77,276.3,241.0,-35.3,0.0,0,0,hold,4675
77,276.4,241.0,-35.4,0.0,0,0,hold,4677
77,276.2,241.0,-35.2,0.0,0,0,hold,4679
78,276.3,241.0,-35.3,0.0,0,0,hold,4681
78,276.2,241.0,-35.2,0.0,0,0,hold,4683
78,276.1,241.0,-35.1,0.0,0,0,hold,4685
78,276.1,241.0,-35.1,0.0,0,0,hold,4687
78,276.1,241.0,-35.1,0.0,0,0,hold,4689
78,276.1,241.0,-35.1,0.0,0,0,hold,4691
78,276.1,241.0,-35.1,0.0,0,0,hold,4693
78,276.1,241.0,-35.1,0.0,0,0,hold,4695
78,276.0,241.0,-35.0,0.0,0,0,hold,4697
78,276.0,241.0,-35.0,0.0,0,0,hold,4699
78,276.0,241.0,-35.0,0.0,0,0,hold,4701
78,275.8,241.0,-34.8,0.0,0,0,hold,4703
78,275.9,241.0,-34.9,0.0,0,0,hold,4705
78,275.9,241.0,-34.9,0.0,0,0,hold,4707
78,275.7,241.0,-34.7,0.0,0,0,hold,4709
78,275.8,241.0,-34.8,0.0,0,0,hold,4711
78,275.8,241.0,-34.8,0.0,0,0,hold,4713
78,275.7,241.0,-34.7,0.0,0,0,hold,4715
78,275.7,241.0,-34.7,0.0,0,0,hold,4717
78,275.6,241.0,-34.6,0.0,0,0,hold,4719
78,275.6,241.0,-34.6,0.0,0,0,hold,4721
78,275.5,241.0,-34.5,0.0,0,0,hold,4723
78,275.5,241.0,-34.5,0.0,0,0,hold,4725
78,275.5,241.0,-34.5,0.0,0,0,hold,4727
78,275.4,241.0,-34.4,0.0,0,0,hold,4729
78,275.4,241.0,-34.4,0.0,0,0,hold,4731
78,275.4,241.0,-34.4,0.0,0,0,hold,4733
78,275.4,241.0,-34.4,0.0,0,0,hold,4735
78,275.3,241.0,-34.3,0.0,0,0,hold,4737
78,275.2,241.0,-34.2,0.0,0,0,hold,4739
79,275.1,241.0,-34.1,0.0,0,0,hold,4742
79,275.2,241.0,-34.2,0.0,0,0,hold,4744
79,275.2,241.0,-34.2,0.0,0,0,hold,4746
79,275.0,241.0,-34.0,0.0,0,0,hold,4748
79,275.1,241.0,-34.1,0.0,0,0,hold,4750
79,275.0,241.0,-34.0,0.0,0,0,hold,4752
79,275.0,241.0,-34.0,0.0,0,0,hold,4754
79,274.9,241.0,-33.9,0.0,0,0,hold,4756
79,274.8,241.0,-33.8,0.0,0,0,hold,4758
79,274.9,241.0,-33.9,0.0,0,0,hold,4760
79,274.8,241.0,-33.8,0.0,0,0,hold,4762
79,274.9,241.0,-33.9,0.0,0,0,hold,4764
79,274.7,241.0,-33.7,0.0,0,0,hold,4766
79,274.8,241.0,-33.8,0.0,0,0,hold,4768
79,274.7,241.0,-33.7,0.0,0,0,hold,4770
79,274.7,241.0,-33.7,0.0,0,0,hold,4772
79,274.6,241.0,-33.6,0.0,0,0,hold,4774
79,274.7,241.0,-33.7,0.0,0,0,hold,4776
79,274.6,241.0,-33.6,0.0,0,0,hold,4778
79,274.6,241.0,-33.6,0.0,0,0,hold,4780
79,274.5,241.0,-33.5,0.0,0,0,hold,4782
79,274.5,241.0,-33.5,0.0,0,0,hold,4784
79,274.3,241.0,-33.3,0.0,0,0,hold,4786
79,274.4,241.0,-33.4,0.0,0,0,hold,4788
79,274.4,241.0,-33.4,0.0,0,0,hold,4790
79,274.3,241.0,-33.3,0.0,0,0,hold,4792
79,274.2,241.0,-33.2,0.0,0,0,hold,4794
79,274.3,241.0,-33.3,0.0,0,0,hold,4796
79,274.2,241.0,-33.2,0.0,0,0,hold,4798
80,274.2,241.0,-33.2,0.0,0,0,hold,4800
80,274.2,241.0,-33.2,0.0,0,0,hold,4802
80,274.1,241.0,-33.1,0.0,0,0,hold,4804
80,274.1,241.0,-33.1,0.0,0,0,hold,4806
80,274.1,241.0,-33.1,0.0,0,0,hold,4808
80,274.0,241.0,-33.0,0.0,0,0,hold,4810
80,274.0,241.0,-33.0,0.0,0,0,hold,4812
80,274.0,241.0,-33.0,0.0,0,0,hold,4814
80,273.9,241.0,-32.9,0.0,0,0,hold,4816
80,274.0,241.0,-33.0,0.0,0,0,hold,4818
80,273.9,241.0,-32.9,0.0,0,0,hold,4820
80,273.8,241.0,-32.8,0.0,0,0,hold,4822
80,273.8,241.0,-32.8,0.0,0,0,hold,4824
80,273.7,241.0,-32.7,0.0,0,0,hold,4826
80,273.7,241.0,-32.7,0.0,0,0,hold,4828
80,273.7,241.0,-32.7,0.0,0,0,hold,4830
80,273.7,241.0,-32.7,0.0,0,0,hold,4832
80,273.6,241.0,-32.6,0.0,0,0,hold,4834
80,273.6,241.0,-32.6,0.0,0,0,hold,4836
80,273.5,241.0,-32.5,0.0,0,0,hold,4838
80,273.5,241.0,-32.5,0.0,0,0,hold,4840
80,273.5,241.0,-32.5,0.0,0,0,hold,4842
80,273.5,241.0,-32.5,0.0,0,0,hold,4844
80,273.4,241.0,-32.4,0.0,0,0,hold,4846
80,273.4,241.0,-32.4,0.0,0,0,hold,4848
80,273.4,241.0,-32.4,0.0,0,0,hold,4850
80,273.2,241.0,-32.2,0.0,0,0,hold,4852
80,273.2,241.0,-32.2,0.0,0,0,hold,4854
80,273.1,241.0,-32.1,0.0,0,0,hold,4856
80,273.2,241.0,-32.2,0.0,0,0,hold,4858
81,273.2,241.0,-32.2,0.0,0,0,hold,4860
81,273.0,241.0,-32.0,0.0,0,0,hold,4862
81,273.1,241.0,-32.1,0.0,0,0,hold,4864
81,273.0,241.0,-32.0,0.0,0,0,hold,4866
81,273.1,241.0,-32.1,0.0,0,0,hold,4868
81,273.1,241.0,-32.1,0.0,0,0,hold,4870
81,273.0,241.0,-32.0,0.0,0,0,hold,4872
81,272.9,241.0,-31.9,0.0,0,0,hold,4874
81,272.9,241.0,-31.9,0.0,0,0,hold,4876
81,272.8,241.0,-31.8,0.0,0,0,hold,4878
81,272.7,241.0,-31.7,0.0,0,0,hold,4880
81,272.7,241.0,-31.7,0.0,0,0,hold,4882
81,272.6,241.0,-31.6,0.0,0,0,hold,4884
81,272.6,241.0,-31.6,0.0,0,0,hold,4886
81,272.6,241.0,-31.6,0.0,0,0,hold,4888
81,272.4,241.0,-31.4,0.0,0,0,hold,4890
81,272.5,241.0,-31.5,0.0,0,0,hold,4892
81,272.4,241.0,-31.4,0.0,0,0,hold,4894
81,272.5,241.0,-31.5,0.0,0,0,hold,4896
81,272.3,241.0,-31.3,0.0,0,0,hold,4898
81,272.3,241.0,-31.3,0.0,0,0,hold,4900
81,272.3,241.0,-31.3,0.0,0,0,hold,4902
81,272.3,241.0,-31.3,0.0,0,0,hold,4904
81,272.2,241.0,-31.2,0.0,0,0,hold,4906
81,272.1,241.0,-31.1,0.0,0,0,hold,4908
81,272.2,241.0,-31.2,0.0,0,0,hold,4910
81,272.1,241.0,-31.1,0.0,0,0,hold,4912
81,272.0,241.0,-31.0,0.0,0,0,hold,4914
81,272.0,241.0,-31.0,0.0,0,0,hold,4916
81,272.0,241.0,-31.0,0.0,0,0,hold,4918
82,271.9,241.0,-30.9,0.0,0,0,hold,4920
82,272.0,241.0,-31.0,0.0,0,0,hold,4922
82,271.8,241.0,-30.8,0.0,0,0,hold,4925
82,271.8,241.0,-30.8,0.0,0,0,hold,4927
82,271.7,241.0,-30.7,0.0,0,0,hold,4929
82,271.6,241.0,-30.6,0.0,0,0,hold,4931
82,271.5,241.0,-30.5,0.0,0,0,hold,4933
82,271.5,241.0,-30.5,0.0,0,0,hold,4935
82,271.5,241.0,-30.5,0.0,0,0,hold,4937
82,271.4,241.0,-30.4,0.0,0,0,hold,4939
82,271.4,241.0,-30.4,0.0,0,0,hold,4941
82,271.4,241.0,-30.4,0.0,0,0,hold,4943
82,271.3,241.0,-30.3,0.0,0,0,hold,4945
82,271.3,241.0,-30.3,0.0,0,0,hold,4947
82,271.3,241.0,-30.3,0.0,0,0,hold,4949
82,271.2,241.0,-30.2,0.0,0,0,hold,4951
82,271.1,241.0,-30.1,0.0,0,0,hold,4953
82,271.1,241.0,-30.1,0.0,0,0,hold,4955
82,271.0,241.0,-30.0,0.0,0,0,hold,4957
82,271.0,241.0,-30.0,0.0,0,0,hold,4959
82,270.9,241.0,-29.9,0.0,0,0,hold,4961
82,270.8,241.0,-29.8,0.0,0,0,hold,4963
82,270.8,241.0,-29.8,0.0,0,0,hold,4965
82,270.7,241.0,-29.7,0.0,0,0,hold,4967
82,270.6,241.0,-29.6,0.0,0,0,hold,4969
82,270.7,241.0,-29.7,0.0,0,0,hold,4971
82,270.5,241.0,-29.5,0.0,0,0,hold,4973
82,270.5,241.0,-29.5,0.0,0,0,hold,4975
82,270.4,241.0,-29.4,0.0,0,0,hold,4977
82,270.4,241.0,-29.4,0.0,0,0,hold,4979
83,270.4,241.0,-29.4,0.0,0,0,hold,4981
83,270.4,241.0,-29.4,0.0,0,0,hold,4983
83,270.3,241.0,-29.3,0.0,0,0,hold,4985
83,270.3,241.0,-29.3,0.0,0,0,hold,4987
83,270.2,241.0,-29.2,0.0,0,0,hold,4989
83,270.3,241.0,-29.3,0.0,0,0,hold,4991
83,270.2,241.0,-29.2,0.0,0,0,hold,4993
83,270.1,241.0,-29.1,0.0,0,0,hold,4995
83,270.1,241.0,-29.1,0.0,0,0,hold,4997
83,270.1,241.0,-29.1,0.0,0,0,hold,4999
83,269.9,241.0,-28.9,0.0,0,0,hold,5001
83,270.0,241.0,-29.0,0.0,0,0,hold,5003
83,269.9,241.0,-28.9,0.0,0,0,hold,5005
83,269.9,241.0,-28.9,0.0,0,0,hold,5007
83,269.9,241.0,-28.9,0.0,0,0,hold,5009
83,269.8,241.0,-28.8,0.0,0,0,hold,5011
83,269.8,241.0,-28.8,0.0,0,0,hold,5013
83,269.7,241.0,-28.7,0.0,0,0,hold,5015
83,269.7,241.0,-28.7,0.0,0,0,hold,5017
83,269.7,241.0,-28.7,0.0,0,0,hold,5019
83,269.6,241.0,-28.6,0.0,0,0,hold,5021
83,269.6,241.0,-28.6,0.0,0,0,hold,5023
83,269.5,241.0,-28.5,0.0,0,0,hold,5025
83,269.5,241.0,-28.5,0.0,0,0,hold,5027
83,269.4,241.0,-28.4,0.0,0,0,hold,5029
83,269.5,241.0,-28.5,0.0,0,0,hold,5031
83,269.5,241.0,-28.5,0.0,0,0,hold,5033
83,269.3,241.0,-28.3,0.0,0,0,hold,5035
83,269.4,241.0,-28.4,0.0,0,0,hold,5037
83,269.4,241.0,-28.4,0.0,0,0,hold,5039
84,269.3,241.0,-28.3,0.0,0,0,hold,5041
84,269.3,241.0,-28.3,0.0,0,0,hold,5043
84,269.3,241.0,-28.3,0.0,0,0,hold,5045
84,269.2,241.0,-28.2,0.0,0,0,hold,5047
84,269.2,241.0,-28.2,0.0,0,0,hold,5049
84,269.1,241.0,-28.1,0.0,0,0,hold,5051
84,269.1,241.0,-28.1,0.0,0,0,hold,5053
84,269.1,241.0,-28.1,0.0,0,0,hold,5055
84,269.1,241.0,-28.1,0.0,0,0,hold,5057
84,269.0,241.0,-28.0,0.0,0,0,hold,5059
84,268.9,241.0,-27.9,0.0,0,0,hold,5061
84,268.9,241.0,-27.9,0.0,0,0,hold,5063
84,268.9,241.0,-27.9,0.0,0,0,hold,5065
84,268.8,241.0,-27.8,0.0,0,0,hold,5067
84,268.9,241.0,-27.9,0.0,0,0,hold,5069
84,268.9,241.0,-27.9,0.0,0,0,hold,5071
84,268.7,241.0,-27.7,0.0,0,0,hold,5073
84,268.8,241.0,-27.8,0.0,0,0,hold,5075
84,268.8,241.0,-27.8,0.0,0,0,hold,5077
84,268.8,241.0,-27.8,0.0,0,0,hold,5079
84,268.5,241.0,-27.5,0.0,0,0,hold,5081
84,268.7,241.0,-27.7,0.0,0,0,hold,5083
84,268.6,241.0,-27.6,0.0,0,0,hold,5085
84,268.5,241.0,-27.5,0.0,0,0,hold,5087
84,268.5,241.0,-27.5,0.0,0,0,hold,5089
84,268.4,241.0,-27.4,0.0,0,0,hold,5091
84,268.4,241.0,-27.4,0.0,0,0,hold,5093
84,268.3,241.0,-27.3,0.0,0,0,hold,5095
84,268.4,241.0,-27.4,0.0,0,0,hold,5097
84,268.3,241.0,-27.3,0.0,0,0,hold,5099
85,268.3,241.0,-27.3,0.0,0,0,hold,5101
85,268.2,241.0,-27.2,0.0,0,0,hold,5103
85,268.2,241.0,-27.2,0.0,0,0,hold,5105
85,268.2,241.0,-27.2,0.0,0,0,hold,5108
85,268.2,241.0,-27.2,0.0,0,0,hold,5110
85,268.1,241.0,-27.1,0.0,0,0,hold,5112
85,268.2,241.0,-27.2,0.0,0,0,hold,5114
85,268.1,241.0,-27.1,0.0,0,0,hold,5116
85,268.1,241.0,-27.1,0.0,0,0,hold,5118
85,268.1,241.0,-27.1,0.0,0,0,hold,5120
85,268.0,241.0,-27.0,0.0,0,0,hold,5122
85,268.0,241.0,-27.0,0.0,0,0,hold,5124
85,268.0,241.0,-27.0,0.0,0,0,hold,5126
85,268.1,241.0,-27.1,0.0,0,0,hold,5128
85,267.9,241.0,-26.9,0.0,0,0,hold,5130
85,267.8,241.0,-26.8,0.0,0,0,hold,5132
85,267.9,241.0,-26.9,0.0,0,0,hold,5134
85,267.8,241.0,-26.8,0.0,0,0,hold,5136
85,267.8,241.0,-26.8,0.0,0,0,hold,5138
85,267.8,241.0,-26.8,0.0,0,0,hold,5140
85,267.8,241.0,-26.8,0.0,0,0,hold,5142
85,267.7,241.0,-26.7,0.0,0,0,hold,5144
85,267.7,241.0,-26.7,0.0,0,0,hold,5146
85,267.6,241.0,-26.6,0.0,0,0,hold,5148
85,267.5,241.0,-26.5,0.0,0,0,hold,5150
85,267.6,241.0,-26.6,0.0,0,0,hold,5152
85,267.6,241.0,-26.6,0.0,0,0,hold,5154
85,267.5,241.0,-26.5,0.0,0,0,hold,5156
85,267.4,241.0,-26.4,0.0,0,0,hold,5158
86,267.4,241.0,-26.4,0.0,0,0,hold,5160
86,267.5,241.0,-26.5,0.0,0,0,hold,5162
86,267.4,241.0,-26.4,0.0,0,0,hold,5164
86,267.4,241.0,-26.4,0.0,0,0,hold,5166
86,267.2,241.0,-26.2,0.0,0,0,hold,5168
86,267.2,241.0,-26.2,0.0,0,0,hold,5170
86,267.3,241.0,-26.3,0.0,0,0,hold,5172
86,267.2,241.0,-26.2,0.0,0,0,hold,5174
86,267.2,241.0,-26.2,0.0,0,0,hold,5176
86,267.2,241.0,-26.2,0.0,0,0,hold,5178
86,267.0,241.0,-26.0,0.0,0,0,hold,5180
86,267.0,241.0,-26.0,0.0,0,0,hold,5182
86,267.1,241.0,-26.1,0.0,0,0,hold,5184
86,267.0,241.0,-26.0,0.0,0,0,hold,5186
86,266.9,241.0,-25.9,0.0,0,0,hold,5188
86,266.9,241.0,-25.9,0.0,0,0,hold,5190
86,266.9,241.0,-25.9,0.0,0,0,hold,5192
86,266.8,241.0,-25.8,0.0,0,0,hold,5194
86,266.8,241.0,-25.8,0.0,0,0,hold,5196
86,266.8,241.0,-25.8,0.0,0,0,hold,5198
86,266.7,241.0,-25.7,0.0,0,0,hold,5200
86,266.7,241.0,-25.7,0.0,0,0,hold,5202
86,266.7,241.0,-25.7,0.0,0,0,hold,5204
86,266.7,241.0,-25.7,0.0,0,0,hold,5206
86,266.6,241.0,-25.6,0.0,0,0,hold,5208
86,266.5,241.0,-25.5,0.0,0,0,hold,5210
86,266.6,241.0,-25.6,0.0,0,0,hold,5212
86,266.5,241.0,-25.5,0.0,0,0,hold,5214
86,266.5,241.0,-25.5,0.0,0,0,hold,5216
86,266.5,241.0,-25.5,0.0,0,0,hold,5218
87,266.4,241.0,-25.4,0.0,0,0,hold,5220
87,266.4,241.0,-25.4,0.0,0,0,hold,5222
87,266.3,241.0,-25.3,0.0,0,0,hold,5224
87,266.3,241.0,-25.3,0.0,0,0,hold,5226
87,266.3,241.0,-25.3,0.0,0,0,hold,5228
87,266.2,241.0,-25.2,0.0,0,0,hold,5230
87,266.2,241.0,-25.2,0.0,0,0,hold,5232
87,266.2,241.0,-25.2,0.0,0,0,hold,5234
87,266.1,241.0,-25.1,0.0,0,0,hold,5236
87,266.2,241.0,-25.2,0.0,0,0,hold,5238
87,266.1,241.0,-25.1,0.0,0,0,hold,5240
87,266.1,241.0,-25.1,0.0,0,0,hold,5242
87,266.1,241.0,-25.1,0.0,0,0,hold,5244
87,266.0,241.0,-25.0,0.0,0,0,hold,5246
87,266.0,241.0,-25.0,0.0,0,0,hold,5248
87,265.9,241.0,-24.9,0.0,0,0,hold,5250
87,265.9,241.0,-24.9,0.0,0,0,hold,5252
87,265.9,241.0,-24.9,0.0,0,0,hold,5254
87,265.8,241.0,-24.8,0.0,0,0,hold,5256
87,265.9,241.0,-24.9,0.0,0,0,hold,5258
87,265.9,241.0,-24.9,0.0,0,0,hold,5260
87,265.8,241.0,-24.8,0.0,0,0,hold,5262
87,265.8,241.0,-24.8,0.0,0,0,hold,5264
87,265.7,241.0,-24.7,0.0,0,0,hold,5266
87,265.6,241.0,-24.6,0.0,0,0,hold,5268
87,265.6,241.0,-24.6,0.0,0,0,hold,5270
87,265.6,241.0,-24.6,0.0,0,0,hold,5272
87,265.5,241.0,-24.5,0.0,0,0,hold,5274
87,265.4,241.0,-24.4,0.0,0,0,hold,5276
87,265.5,241.0,-24.5,0.0,0,0,hold,5278
88,265.4,241.0,-24.4,0.0,0,0,hold,5280
88,265.4,241.0,-24.4,0.0,0,0,hold,5282
88,265.3,241.0,-24.3,0.0,0,0,hold,5284
88,265.4,241.0,-24.4,0.0,0,0,hold,5286
88,265.4,241.0,-24.4,0.0,0,0,hold,5288
88,265.3,241.0,-24.3,0.0,0,0,hold,5290
88,265.2,241.0,-24.2,0.0,0,0,hold,5293
88,265.1,241.0,-24.1,0.0,0,0,hold,5295
88,265.1,241.0,-24.1,0.0,0,0,hold,5297
88,265.2,241.0,-24.2,0.0,0,0,hold,5299
88,265.1,241.0,-24.1,0.0,0,0,hold,5301
88,265.1,241.0,-24.1,0.0,0,0,hold,5303
88,265.1,241.0,-24.1,0.0,0,0,hold,5305
88,265.0,241.0,-24.0,0.0,0,0,hold,5307
88,265.0,241.0,-24.0,0.0,0,0,hold,5309
88,265.0,241.0,-24.0,0.0,0,0,hold,5311
88,264.9,241.0,-23.9,0.0,0,0,hold,5313
88,264.9,241.0,-23.9,0.0,0,0,hold,5315
88,264.8,241.0,-23.8,0.0,0,0,hold,5317
88,264.9,241.0,-23.9,0.0,0,0,hold,5319
88,264.9,241.0,-23.9,0.0,0,0,hold,5321
88,264.8,241.0,-23.8,0.0,0,0,hold,5323
88,264.8,241.0,-23.8,0.0,0,0,hold,5325
88,264.6,241.0,-23.6,0.0,0,0,hold,5327
88,264.7,241.0,-23.7,0.0,0,0,hold,5329
88,264.6,241.0,-23.6,0.0,0,0,hold,5331
88,264.7,241.0,-23.7,0.0,0,0,hold,5333
88,264.6,241.0,-23.6,0.0,0,0,hold,5335
88,264.6,241.0,-23.6,0.0,0,0,hold,5337
88,264.5,241.0,-23.5,0.0,0,0,hold,5339
89,264.5,241.0,-23.5,0.0,0,0,hold,5341
89,264.5,241.0,-23.5,0.0,0,0,hold,5343
89,264.4,241.0,-23.4,0.0,0,0,hold,5345
89,264.5,241.0,-23.5,0.0,0,0,hold,5347
89,264.4,241.0,-23.4,0.0,0,0,hold,5349
89,264.4,241.0,-23.4,0.0,0,0,hold,5351
89,264.4,241.0,-23.4,0.0,0,0,hold,5353
89,264.3,241.0,-23.3,0.0,0,0,hold,5355
89,264.2,241.0,-23.2,0.0,0,0,hold,5357
89,264.1,241.0,-23.1,0.0,0,0,hold,5359
89,264.2,241.0,-23.2,0.0,0,0,hold,5361
89,264.2,241.0,-23.2,0.0,0,0,hold,5363
89,264.1,241.0,-23.1,0.0,0,0,hold,5365
89,264.1,241.0,-23.1,0.0,0,0,hold,5367
89,264.0,241.0,-23.0,0.0,0,0,hold,5369
89,263.9,241.0,-22.9,0.0,0,0,hold,5371
89,264.0,241.0,-23.0,0.0,0,0,hold,5373
89,263.9,241.0,-22.9,0.0,0,0,hold,5375
89,263.9,241.0,-22.9,0.0,0,0,hold,5377
89,263.8,241.0,-22.8,0.0,0,0,hold,5379
89,263.7,241.0,-22.7,0.0,0,0,hold,5381
89,263.8,241.0,-22.8,0.0,0,0,hold,5383
89,263.8,241.0,-22.8,0.0,0,0,hold,5385
89,263.8,241.0,-22.8,0.0,0,0,hold,5387
89,263.7,241.0,-22.7,0.0,0,0,hold,5389
89,263.7,241.0,-22.7,0.0,0,0,hold,5391
89,263.6,241.0,-22.6,0.0,0,0,hold,5393
89,263.6,241.0,-22.6,0.0,0,0,hold,5395
89,263.5,241.0,-22.5,0.0,0,0,hold,5397
89,263.5,241.0,-22.5,0.0,0,0,hold,5399
90,263.5,241.0,-22.5,0.0,0,0,hold,5401
90,263.4,241.0,-22.4,0.0,0,0,hold,5403
90,263.4,241.0,-22.4,0.0,0,0,hold,5405
90,263.4,241.0,-22.4,0.0,0,0,hold,5407
90,263.4,241.0,-22.4,0.0,0,0,hold,5409
90,263.3,241.0,-22.3,0.0,0,0,hold,5411
90,263.2,241.0,-22.2,0.0,0,0,hold,5413
90,263.3,241.0,-22.3,0.0,0,0,hold,5415
90,263.2,241.0,-22.2,0.0,0,0,hold,5417
90,263.2,241.0,-22.2,0.0,0,0,hold,5419
90,263.2,241.0,-22.2,0.0,0,0,hold,5421
90,263.1,241.0,-22.1,0.0,0,0,hold,5423
90,263.1,241.0,-22.1,0.0,0,0,hold,5425
90,263.0,241.0,-22.0,0.0,0,0,hold,5427
90,263.0,241.0,-22.0,0.0,0,0,hold,5429
90,263.0,241.0,-22.0,0.0,0,0,hold,5431
90,263.0,241.0,-22.0,0.0,0,0,hold,5433
90,262.9,241.0,-21.9,0.0,0,0,hold,5435
90,262.9,241.0,-21.9,0.0,0,0,hold,5437
90,262.8,241.0,-21.8,0.0,0,0,hold,5439
90,262.8,241.0,-21.8,0.0,0,0,hold,5441
90,262.7,241.0,-21.7,0.0,0,0,hold,5443
90,262.8,241.0,-21.8,0.0,0,0,hold,5445
90,262.7,241.0,-21.7,0.0,0,0,hold,5447
90,262.7,241.0,-21.7,0.0,0,0,hold,5449
90,262.7,241.0,-21.7,0.0,0,0,hold,5451
90,262.6,241.0,-21.6,0.0,0,0,hold,5453
90,262.4,241.0,-21.4,0.0,0,0,hold,5455
90,262.4,241.0,-21.4,0.0,0,0,hold,5457
90,262.4,241.0,-21.4,0.0,0,0,hold,5459
91,262.4,241.0,-21.4,0.0,0,0,hold,5461
91,262.4,241.0,-21.4,0.0,0,0,hold,5463
91,262.4,241.0,-21.4,0.0,0,0,hold,5465
91,262.4,241.0,-21.4,0.0,0,0,hold,5467
91,262.3,241.0,-21.3,0.0,0,0,hold,5469
91,262.3,241.0,-21.3,0.0,0,0,hold,5471
91,262.2,241.0,-21.2,0.0,0,0,hold,5473
91,262.1,241.0,-21.1,0.0,0,0,hold,5475
91,262.1,241.0,-21.1,0.0,0,0,hold,5477
91,262.2,241.0,-21.2,0.0,0,0,hold,5480
91,262.0,241.0,-21.0,0.0,0,0,hold,5482
91,262.1,241.0,-21.1,0.0,0,0,hold,5484
91,262.0,241.0,-21.0,0.0,0,0,hold,5486
91,262.0,241.0,-21.0,0.0,0,0,hold,5488
91,261.9,241.0,-20.9,0.0,0,0,hold,5490
91,261.9,241.0,-20.9,0.0,0,0,hold,5492
91,261.9,241.0,-20.9,0.0,0,0,hold,5494
91,261.9,241.0,-20.9,0.0,0,0,hold,5496
91,261.7,241.0,-20.7,0.0,0,0,hold,5498
91,261.8,241.0,-20.8,0.0,0,0,hold,5500
91,261.8,241.0,-20.8,0.0,0,0,hold,5502
91,261.7,241.0,-20.7,0.0,0,0,hold,5504
91,261.7,241.0,-20.7,0.0,0,0,hold,5506
91,261.6,241.0,-20.6,0.0,0,0,hold,5508
91,261.7,241.0,-20.7,0.0,0,0,hold,5510
91,261.6,241.0,-20.6,0.0,0,0,hold,5512
91,261.6,241.0,-20.6,0.0,0,0,hold,5514
91,261.6,241.0,-20.6,0.0,0,0,hold,5516
91,261.4,241.0,-20.4,0.0,0,0,hold,5518
92,261.5,241.0,-20.5,0.0,0,0,hold,5520
92,261.5,241.0,-20.5,0.0,0,0,hold,5522
92,261.4,241.0,-20.4,0.0,0,0,hold,5524
92,261.4,241.0,-20.4,0.0,0,0,hold,5526
92,261.4,241.0,-20.4,0.0,0,0,hold,5528
92,261.3,241.0,-20.3,0.0,0,0,hold,5530
92,261.2,241.0,-20.2,0.0,0,0,hold,5532
92,261.3,241.0,-20.3,0.0,0,0,hold,5534
92,261.3,241.0,-20.3,0.0,0,0,hold,5536
92,261.1,241.0,-20.1,0.0,0,0,hold,5538
92,261.2,241.0,-20.2,0.0,0,0,hold,5540
92,261.0,241.0,-20.0,0.0,0,0,hold,5542
92,261.0,241.0,-20.0,0.0,0,0,hold,5544
92,261.0,241.0,-20.0,0.0,0,0,hold,5546
92,260.9,241.0,-19.9,0.0,0,0,hold,5548
92,260.9,241.0,-19.9,0.0,0,0,hold,5550
92,260.8,241.0,-19.8,0.0,0,0,hold,5552
92,260.8,241.0,-19.8,0.0,0,0,hold,5554
92,260.8,241.0,-19.8,0.0,0,0,hold,5556
92,260.8,241.0,-19.8,0.0,0,0,hold,5558
92,260.8,241.0,-19.8,0.0,0,0,hold,5560
92,260.7,241.0,-19.7,0.0,0,0,hold,5562
92,260.6,241.0,-19.6,0.0,0,0,hold,5564
92,260.6,241.0,-19.6,0.0,0,0,hold,5566
92,260.5,241.0,-19.5,0.0,0,0,hold,5568
92,260.6,241.0,-19.6,0.0,0,0,hold,5570
92,260.6,241.0,-19.6,0.0,0,0,hold,5572
92,260.5,241.0,-19.5,0.0,0,0,hold,5574
92,260.5,241.0,-19.5,0.0,0,0,hold,5576
92,260.5,241.0,-19.5,0.0,0,0,hold,5578
93,260.4,241.0,-19.4,0.0,0,0,hold,5580
93,260.4,241.0,-19.4,0.0,0,0,hold,5582
93,260.4,241.0,-19.4,0.0,0,0,hold,5584
93,260.3,241.0,-19.3,0.0,0,0,hold,5586
93,260.2,241.0,-19.2,0.0,0,0,hold,5588
93,260.2,241.0,-19.2,0.0,0,0,hold,5590
93,260.2,241.0,-19.2,0.0,0,0,hold,5592
93,260.2,241.0,-19.2,0.0,0,0,hold,5594
93,260.1,241.0,-19.1,0.0,0,0,hold,5596
93,260.2,241.0,-19.2,0.0,0,0,hold,5598
93,260.1,241.0,-19.1,0.0,0,0,hold,5600
93,260.2,241.0,-19.2,0.0,0,0,hold,5602
93,260.1,241.0,-19.1,0.0,0,0,hold,5604
93,260.0,241.0,-19.0,0.0,0,0,hold,5606
93,259.9,241.0,-18.9,0.0,0,0,hold,5608
93,259.9,241.0,-18.9,0.0,0,0,hold,5610
93,259.9,241.0,-18.9,0.0,0,0,hold,5612
93,259.9,241.0,-18.9,0.0,0,0,hold,5614
93,259.8,241.0,-18.8,0.0,0,0,hold,5616
93,259.8,241.0,-18.8,0.0,0,0,hold,5618
93,259.8,241.0,-18.8,0.0,0,0,hold,5620
93,259.7,241.0,-18.7,0.0,0,0,hold,5622
93,259.7,241.0,-18.7,0.0,0,0,hold,5624
93,259.5,241.0,-18.5,0.0,0,0,hold,5626
93,259.8,241.0,-18.8,0.0,0,0,hold,5628
93,259.6,241.0,-18.6,0.0,0,0,hold,5630
93,259.5,241.0,-18.5,0.0,0,0,hold,5632
93,259.4,241.0,-18.4,0.0,0,0,hold,5634
93,259.4,241.0,-18.4,0.0,0,0,hold,5636
93,259.4,241.0,-18.4,0.0,0,0,hold,5638
94,259.4,241.0,-18.4,0.0,0,0,hold,5640
94,259.4,241.0,-18.4,0.0,0,0,hold,5642
94,259.3,241.0,-18.3,0.0,0,0,hold,5644
94,259.3,241.0,-18.3,0.0,0,0,hold,5646
94,259.3,241.0,-18.3,0.0,0,0,hold,5648
94,259.2,241.0,-18.2,0.0,0,0,hold,5650
94,259.3,241.0,-18.3,0.0,0,0,hold,5652
94,259.3,241.0,-18.3,0.0,0,0,hold,5654
94,259.2,241.0,-18.2,0.0,0,0,hold,5656
94,259.0,241.0,-18.0,0.0,0,0,hold,5658
94,259.0,241.0,-18.0,0.0,0,0,hold,5660
94,259.1,241.0,-18.1,0.0,0,0,hold,5662
94,259.0,241.0,-18.0,0.0,0,0,hold,5665
94,259.0,241.0,-18.0,0.0,0,0,hold,5667
94,259.0,241.0,-18.0,0.0,0,0,hold,5669
94,258.9,241.0,-17.9,0.0,0,0,hold,5671
94,258.9,241.0,-17.9,0.0,0,0,hold,5673
94,258.8,241.0,-17.8,0.0,0,0,hold,5675
94,258.8,241.0,-17.8,0.0,0,0,hold,5677
94,258.8,241.0,-17.8,0.0,0,0,hold,5679
94,258.7,241.0,-17.7,0.0,0,0,hold,5681
94,258.7,241.0,-17.7,0.0,0,0,hold,5683
94,258.7,241.0,-17.7,0.0,0,0,hold,5685
94,258.7,241.0,-17.7,0.0,0,0,hold,5687
94,258.6,241.0,-17.6,0.0,0,0,hold,5689
94,258.5,241.0,-17.5,0.0,0,0,hold,5691
94,258.6,241.0,-17.6,0.0,0,0,hold,5693
94,258.6,241.0,-17.6,0.0,0,0,hold,5695
94,258.5,241.0,-17.5,0.0,0,0,hold,5697
94,258.5,241.0,-17.5,0.0,0,0,hold,5699
95,258.4,241.0,-17.4,0.0,0,0,hold,5701
95,258.4,241.0,-17.4,0.0,0,0,hold,5703
95,258.4,241.0,-17.4,0.0,0,0,hold,5705
95,258.4,241.0,-17.4,0.0,0,0,hold,5707
95,258.2,241.0,-17.2,0.0,0,0,hold,5709
95,258.3,241.0,-17.3,0.0,0,0,hold,5711
95,258.2,241.0,-17.2,0.0,0,0,hold,5713
95,258.1,241.0,-17.1,0.0,0,0,hold,5715
95,258.1,241.0,-17.1,0.0,0,0,hold,5717
95,258.1,241.0,-17.1,0.0,0,0,hold,5719
95,258.1,241.0,-17.1,0.0,0,0,hold,5721
95,258.1,241.0,-17.1,0.0,0,0,hold,5723
95,258.0,241.0,-17.0,0.0,0,0,hold,5725
95,257.9,241.0,-16.9,0.0,0,0,hold,5727
95,257.9,241.0,-16.9,0.0,0,0,hold,5729
95,257.9,241.0,-16.9,0.0,0,0,hold,5731
95,257.8,241.0,-16.8,0.0,0,0,hold,5733
95,257.8,241.0,-16.8,0.0,0,0,hold,5735
95,257.8,241.0,-16.8,0.0,0,0,hold,5737
95,257.8,241.0,-16.8,0.0,0,0,hold,5739
95,257.7,241.0,-16.7,0.0,0,0,hold,5741
95,257.7,241.0,-16.7,0.0,0,0,hold,5743
95,257.7,241.0,-16.7,0.0,0,0,hold,5745
95,257.6,241.0,-16.6,0.0,0,0,hold,5747
95,257.6,241.0,-16.6,0.0,0,0,hold,5749
95,257.5,241.0,-16.5,0.0,0,0,hold,5751
95,257.6,241.0,-16.6,0.0,0,0,hold,5753
95,257.6,241.0,-16.6,0.0,0,0,hold,5755
95,257.4,241.0,-16.4,0.0,0,0,hold,5757
95,257.5,241.0,-16.5,0.0,0,0,hold,5759
96,257.4,241.0,-16.4,0.0,0,0,hold,5761
96,257.5,241.0,-16.5,0.0,0,0,hold,5763
96,257.4,241.0,-16.4,0.0,0,0,hold,5765
96,257.3,241.0,-16.3,0.0,0,0,hold,5767
96,257.3,241.0,-16.3,0.0,0,0,hold,5769
96,257.3,241.0,-16.3,0.0,0,0,hold,5771
96,257.2,241.0,-16.2,0.0,0,0,hold,5773
96,257.2,241.0,-16.2,0.0,0,0,hold,5775
96,257.2,241.0,-16.2,0.0,0,0,hold,5777
96,257.2,241.0,-16.2,0.0,0,0,hold,5779
96,257.1,241.0,-16.1,0.0,0,0,hold,5781
96,257.1,241.0,-16.1,0.0,0,0,hold,5783
96,256.9,241.0,-15.9,0.0,0,0,hold,5785
96,256.9,241.0,-15.9,0.0,0,0,hold,5787
96,257.1,241.0,-16.1,0.0,0,0,hold,5789
96,257.0,241.0,-16.0,0.0,0,0,hold,5791
96,256.9,241.0,-15.9,0.0,0,0,hold,5793
96,256.8,241.0,-15.8,0.0,0,0,hold,5795
96,256.8,241.0,-15.8,0.0,0,0,hold,5797
96,256.7,241.0,-15.7,0.0,0,0,hold,5799
96,256.7,241.0,-15.7,0.0,0,0,hold,5801
96,256.7,241.0,-15.7,0.0,0,0,hold,5803
96,256.7,241.0,-15.7,0.0,0,0,hold,5805
96,256.6,241.0,-15.6,0.0,0,0,hold,5807
96,256.7,241.0,-15.7,0.0,0,0,hold,5809
96,256.6,241.0,-15.6,0.0,0,0,hold,5811
96,256.7,241.0,-15.7,0.0,0,0,hold,5813
96,256.5,241.0,-15.5,0.0,0,0,hold,5815
96,256.5,241.0,-15.5,0.0,0,0,hold,5817
96,256.4,241.0,-15.4,0.0,0,0,hold,5819
97,256.4,241.0,-15.4,0.0,0,0,hold,5821
97,256.4,241.0,-15.4,0.0,0,0,hold,5823
97,256.3,241.0,-15.3,0.0,0,0,hold,5825
97,256.3,241.0,-15.3,0.0,0,0,hold,5827
97,256.3,241.0,-15.3,0.0,0,0,hold,5829
97,256.3,241.0,-15.3,0.0,0,0,hold,5831
97,256.3,241.0,-15.3,0.0,0,0,hold,5833
97,256.2,241.0,-15.2,0.0,0,0,hold,5835
97,256.1,241.0,-15.1,0.0,0,0,hold,5837
97,256.2,241.0,-15.2,0.0,0,0,hold,5839
97,256.1,241.0,-15.1,0.0,0,0,hold,5841
97,256.1,241.0,-15.1,0.0,0,0,hold,5843
97,256.1,241.0,-15.1,0.0,0,0,hold,5845
97,256.0,241.0,-15.0,0.0,0,0,hold,5848
97,256.0,241.0,-15.0,0.0,0,0,hold,5850
97,256.0,241.0,-15.0,0.0,0,0,hold,5852
97,255.9,241.0,-14.9,0.0,0,0,hold,5854
97,255.9,241.0,-14.9,0.0,0,0,hold,5856
97,255.9,241.0,-14.9,0.0,0,0,hold,5858
97,255.8,241.0,-14.8,0.0,0,0,hold,5860
97,255.8,241.0,-14.8,0.0,0,0,hold,5862
97,255.8,241.0,-14.8,0.0,0,0,hold,5864
97,255.7,241.0,-14.7,0.0,0,0,hold,5866
97,255.7,241.0,-14.7,0.0,0,0,hold,5868
97,255.5,241.0,-14.5,0.0,0,0,hold,5870
97,255.6,241.0,-14.6,0.0,0,0,hold,5872
97,255.6,241.0,-14.6,0.0,0,0,hold,5874
97,255.5,241.0,-14.5,0.0,0,0,hold,5876
97,255.5,241.0,-14.5,0.0,0,0,hold,5878
98,255.5,241.0,-14.5,0.0,0,0,hold,5880
98,255.4,241.0,-14.4,0.0,0,0,hold,5882
98,255.4,241.0,-14.4,0.0,0,0,hold,5884
98,255.4,241.0,-14.4,0.0,0,0,hold,5886
98,255.3,241.0,-14.3,0.0,0,0,hold,5888
98,255.3,241.0,-14.3,0.0,0,0,hold,5890
98,255.3,241.0,-14.3,0.0,0,0,hold,5892
98,255.3,241.0,-14.3,0.0,0,0,hold,5894
98,255.2,241.0,-14.2,0.0,0,0,hold,5896
98,255.2,241.0,-14.2,0.0,0,0,hold,5898
98,255.1,241.0,-14.1,0.0,0,0,hold,5900
98,255.1,241.0,-14.1,0.0,0,0,hold,5902
98,255.1,241.0,-14.1,0.0,0,0,hold,5904
98,255.0,241.0,-14.0,0.0,0,0,hold,5906
98,255.0,241.0,-14.0,0.0,0,0,hold,5908
98,255.1,241.0,-14.1,0.0,0,0,hold,5910
98,255.0,241.0,-14.0,0.0,0,0,hold,5912
98,254.9,241.0,-13.9,0.0,0,0,hold,5914
98,254.8,241.0,-13.8,0.0,0,0,hold,5916
98,254.9,241.0,-13.9,0.0,0,0,hold,5918
98,254.9,241.0,-13.9,0.0,0,0,hold,5920
98,254.9,241.0,-13.9,0.0,0,0,hold,5922
98,254.8,241.0,-13.8,0.0,0,0,hold,5924
98,254.7,241.0,-13.7,0.0,0,0,hold,5926
98,254.7,241.0,-13.7,0.0,0,0,hold,5928
98,254.7,241.0,-13.7,0.0,0,0,hold,5930
98,254.6,241.0,-13.6,0.0,0,0,hold,5932
98,254.7,241.0,-13.7,0.0,0,0,hold,5934
98,254.6,241.0,-13.6,0.0,0,0,hold,5936
98,254.5,241.0,-13.5,0.0,0,0,hold,5938
99,254.5,241.0,-13.5,0.0,0,0,hold,5940
99,254.5,241.0,-13.5,0.0,0,0,hold,5942
99,254.4,241.0,-13.4,0.0,0,0,hold,5944
99,254.4,241.0,-13.4,0.0,0,0,hold,5946
99,254.3,241.0,-13.3,0.0,0,0,hold,5948
99,254.5,241.0,-13.5,0.0,0,0,hold,5950
99,254.3,241.0,-13.3,0.0,0,0,hold,5952
99,254.3,241.0,-13.3,0.0,0,0,hold,5954
99,254.2,241.0,-13.2,0.0,0,0,hold,5956
99,254.1,241.0,-13.1,0.0,0,0,hold,5958
99,254.2,241.0,-13.2,0.0,0,0,hold,5960
99,254.2,241.0,-13.2,0.0,0,0,hold,5962
99,254.0,241.0,-13.0,0.0,0,0,hold,5964
99,254.0,241.0,-13.0,0.0,0,0,hold,5966
99,254.0,241.0,-13.0,0.0,0,0,hold,5968
99,254.0,241.0,-13.0,0.0,0,0,hold,5970
99,254.0,241.0,-13.0,0.0,0,0,hold,5972
99,254.0,241.0,-13.0,0.0,0,0,hold,5974
99,253.8,241.0,-12.8,0.0,0,0,hold,5976
99,254.0,241.0,-13.0,0.0,0,0,hold,5978
99,253.8,241.0,-12.8,0.0,0,0,hold,5980
99,253.7,241.0,-12.7,0.0,0,0,hold,5982
99,253.8,241.0,-12.8,0.0,0,0,hold,5984
99,253.8,241.0,-12.8,0.0,0,0,hold,5986
99,253.7,241.0,-12.7,0.0,0,0,hold,5988
99,253.7,241.0,-12.7,0.0,0,0,hold,5990
99,253.7,241.0,-12.7,0.0,0,0,hold,5992
99,253.7,241.0,-12.7,0.0,0,0,hold,5994
99,253.7,241.0,-12.7,0.0,0,0,hold,5996
99,253.6,241.0,-12.6,0.0,0,0,hold,5998
100,253.6,241.0,-12.6,0.0,0,0,hold,6000
100,253.5,241.0,-12.5,0.0,0,0,hold,6002
100,253.5,241.0,-12.5,0.0,0,0,hold,6004
100,253.5,241.0,-12.5,0.0,0,0,hold,6006
100,253.4,241.0,-12.4,0.0,0,0,hold,6008
100,253.5,241.0,-12.5,0.0,0,0,hold,6010
100,253.2,241.0,-12.2,0.0,0,0,hold,6012
100,253.4,241.0,-12.4,0.0,0,0,hold,6014
100,253.4,241.0,-12.4,0.0,0,0,hold,6016
100,253.2,241.0,-12.2,0.0,0,0,hold,6018
100,253.2,241.0,-12.2,0.0,0,0,hold,6020
100,253.2,241.0,-12.2,0.0,0,0,hold,6022
100,253.1,241.0,-12.1,0.0,0,0,hold,6024
100,253.1,241.0,-12.1,0.0,0,0,hold,6026
100,253.1,241.0,-12.1,0.0,0,0,hold,6028
100,253.0,241.0,-12.0,0.0,0,0,hold,6031
100,253.1,241.0,-12.1,0.0,0,0,hold,6033
100,253.0,241.0,-12.0,0.0,0,0,hold,6035
100,253.0,241.0,-12.0,0.0,0,0,hold,6037
100,253.1,241.0,-12.1,0.0,0,0,hold,6039
100,252.9,241.0,-11.9,0.0,0,0,hold,6041
100,252.8,241.0,-11.8,0.0,0,0,hold,6043
100,252.8,241.0,-11.8,0.0,0,0,hold,6045
100,252.8,241.0,-11.8,0.0,0,0,hold,6047
100,252.7,241.0,-11.7,0.0,0,0,hold,6049
100,252.7,241.0,-11.7,0.0,0,0,hold,6051
100,252.7,241.0,-11.7,0.0,0,0,hold,6053
100,252.7,241.0,-11.7,0.0,0,0,hold,6055
100,252.6,241.0,-11.6,0.0,0,0,hold,6057
100,252.7,241.0,-11.7,0.0,0,0,hold,6059
101,252.5,241.0,-11.5,0.0,0,0,hold,6061
101,252.5,241.0,-11.5,0.0,0,0,hold,6063
101,252.4,241.0,-11.4,0.0,0,0,hold,6065
101,252.4,241.0,-11.4,0.0,0,0,hold,6067
101,252.5,241.0,-11.5,0.0,0,0,hold,6069
101,252.4,241.0,-11.4,0.0,0,0,hold,6071
101,252.4,241.0,-11.4,0.0,0,0,hold,6073
101,252.4,241.0,-11.4,0.0,0,0,hold,6075
101,252.3,241.0,-11.3,0.0,0,0,hold,6077
101,252.3,241.0,-11.3,0.0,0,0,hold,6079
101,252.2,241.0,-11.2,0.0,0,0,hold,6081
101,252.2,241.0,-11.2,0.0,0,0,hold,6083
101,252.1,241.0,-11.1,0.0,0,0,hold,6085
101,252.2,241.0,-11.2,0.0,0,0,hold,6087
101,252.2,241.0,-11.2,0.0,0,0,hold,6089
101,252.1,241.0,-11.1,0.0,0,0,hold,6091
101,252.1,241.0,-11.1,0.0,0,0,hold,6093
101,252.1,241.0,-11.1,0.0,0,0,hold,6095
101,252.0,241.0,-11.0,0.0,0,0,hold,6097
101,251.9,241.0,-10.9,0.0,0,0,hold,6099
101,251.9,241.0,-10.9,0.0,0,0,hold,6101
101,251.9,241.0,-10.9,0.0,0,0,hold,6103
101,251.8,241.0,-10.8,0.0,0,0,hold,6105
101,251.8,241.0,-10.8,0.0,0,0,hold,6107
101,251.9,241.0,-10.9,0.0,0,0,hold,6109
101,251.8,241.0,-10.8,0.0,0,0,hold,6111
101,251.8,241.0,-10.8,0.0,0,0,hold,6113
101,251.7,241.0,-10.7,0.0,0,0,hold,6115
101,251.7,241.0,-10.7,0.0,0,0,hold,6117
101,251.6,241.0,-10.6,0.0,0,0,hold,6119
102,251.6,241.0,-10.6,0.0,0,0,hold,6121
102,251.5,241.0,-10.5,0.0,0,0,hold,6123
102,251.6,241.0,-10.6,0.0,0,0,hold,6125
102,251.5,241.0,-10.5,0.0,0,0,hold,6127
102,251.5,241.0,-10.5,0.0,0,0,hold,6129
102,251.5,241.0,-10.5,0.0,0,0,hold,6131
102,251.5,241.0,-10.5,0.0,0,0,hold,6133
102,251.4,241.0,-10.4,0.0,0,0,hold,6135
102,251.3,241.0,-10.3,0.0,0,0,hold,6137
102,251.4,241.0,-10.4,0.0,0,0,hold,6139
102,251.3,241.0,-10.3,0.0,0,0,hold,6141
102,251.3,241.0,-10.3,0.0,0,0,hold,6143
102,251.3,241.0,-10.3,0.0,0,0,hold,6145
102,251.2,241.0,-10.2,0.0,0,0,hold,6147
102,251.3,241.0,-10.3,0.0,0,0,hold,6149
102,251.1,241.0,-10.1,0.0,0,0,hold,6151
102,251.1,241.0,-10.1,0.0,0,0,hold,6153
102,251.1,241.0,-10.1,0.0,0,0,hold,6155
102,251.0,241.0,-10.0,0.0,0,0,hold,6157
102,251.1,241.0,-10.1,0.0,0,0,hold,6159
102,251.0,241.0,-10.0,0.0,0,0,hold,6161
102,250.9,241.0,-9.9,0.0,0,0,hold,6163
102,250.9,241.0,-9.9,0.0,0,0,hold,6165
102,251.0,241.0,-10.0,0.0,0,0,hold,6167
102,250.9,241.0,-9.9,0.0,0,0,hold,6169
102,250.9,241.0,-9.9,0.0,0,0,hold,6171
102,250.9,241.0,-9.9,0.0,0,0,hold,6173
102,250.8,241.0,-9.8,0.0,0,0,hold,6175
102,250.7,241.0,-9.7,0.0,0,0,hold,6177
102,250.8,241.0,-9.8,0.0,0,0,hold,6179
103,250.6,241.0,-9.6,0.0,0,0,hold,6181
103,250.7,241.0,-9.7,0.0,0,0,hold,6183
103,250.6,241.0,-9.6,0.0,0,0,hold,6185
103,250.6,241.0,-9.6,0.0,0,0,hold,6187
103,250.5,241.0,-9.5,0.0,0,0,hold,6189
103,250.5,241.0,-9.5,0.0,0,0,hold,6191
103,250.4,241.0,-9.4,0.0,0,0,hold,6193
103,250.5,241.0,-9.5,0.0,0,0,hold,6195
103,250.4,241.0,-9.4,0.0,0,0,hold,6197
103,250.3,241.0,-9.3,0.0,0,0,hold,6199
103,250.4,241.0,-9.4,0.0,0,0,hold,6201
103,250.4,241.0,-9.4,0.0,0,0,hold,6203
103,250.4,241.0,-9.4,0.0,0,0,hold,6205
103,250.2,241.0,-9.2,0.0,0,0,hold,6207
103,250.2,241.0,-9.2,0.0,0,0,hold,6209
103,250.1,241.0,-9.1,0.0,0,0,hold,6211
103,250.1,241.0,-9.1,0.0,0,0,hold,6213
103,250.1,241.0,-9.1,0.0,0,0,hold,6215
103,250.1,241.0,-9.1,0.0,0,0,hold,6218
103,250.1,241.0,-9.1,0.0,0,0,hold,6220
103,250.1,241.0,-9.1,0.0,0,0,hold,6222
103,250.1,241.0,-9.1,0.0,0,0,hold,6224
103,249.9,241.0,-8.9,0.0,0,0,hold,6226
103,250.0,241.0,-9.0,0.0,0,0,hold,6228
103,250.0,241.0,-9.0,0.0,0,0,hold,6230
103,249.9,241.0,-8.9,0.0,0,0,hold,6232
103,249.9,241.0,-8.9,0.0,0,0,hold,6234
103,249.8,241.0,-8.8,0.0,0,0,hold,6236
103,249.9,241.0,-8.9,0.0,0,0,hold,6238
104,249.7,241.0,-8.7,0.0,0,0,hold,6240
104,249.7,241.0,-8.7,0.0,0,0,hold,6242
104,249.6,241.0,-8.6,0.0,0,0,hold,6244
104,249.6,241.0,-8.6,0.0,0,0,hold,6246
104,249.6,241.0,-8.6,0.0,0,0,hold,6248
104,249.6,241.0,-8.6,0.0,0,0,hold,6250
104,249.6,241.0,-8.6,0.0,0,0,hold,6252
104,249.5,241.0,-8.5,0.0,0,0,hold,6254
104,249.5,241.0,-8.5,0.0,0,0,hold,6256
104,249.5,241.0,-8.5,0.0,0,0,hold,6258
104,249.5,241.0,-8.5,0.0,0,0,hold,6260
104,249.3,241.0,-8.3,0.0,0,0,hold,6262
104,249.3,241.0,-8.3,0.0,0,0,hold,6264
104,249.4,241.0,-8.4,0.0,0,0,hold,6266
104,249.4,241.0,-8.4,0.0,0,0,hold,6268
104,249.3,241.0,-8.3,0.0,0,0,hold,6270
104,249.3,241.0,-8.3,0.0,0,0,hold,6272
104,249.2,241.0,-8.2,0.0,0,0,hold,6274
104,249.2,241.0,-8.2,0.0,0,0,hold,6276
104,249.2,241.0,-8.2,0.0,0,0,hold,6278
104,249.1,241.0,-8.1,0.0,0,0,hold,6280
104,249.0,241.0,-8.0,0.0,0,0,hold,6282
104,249.0,241.0,-8.0,0.0,0,0,hold,6284
104,249.0,241.0,-8.0,0.0,0,0,hold,6286
104,249.0,241.0,-8.0,0.0,0,0,hold,6288
104,248.9,241.0,-7.9,0.0,0,0,hold,6290
104,248.9,241.0,-7.9,0.0,0,0,hold,6292
104,248.9,241.0,-7.9,0.0,0,0,hold,6294
104,248.9,241.0,-7.9,0.0,0,0,hold,6296
104,248.8,241.0,-7.8,0.0,0,0,hold,6298
105,248.7,241.0,-7.7,0.0,0,0,hold,6300
105,248.7,241.0,-7.7,0.0,0,0,hold,6302
105,248.7,241.0,-7.7,0.0,0,0,hold,6304
105,248.5,241.0,-7.5,0.0,0,0,hold,6306
105,248.6,241.0,-7.6,0.0,0,0,hold,6308
105,248.5,241.0,-7.5,0.0,0,0,hold,6310
105,248.5,241.0,-7.5,0.0,0,0,hold,6312
105,248.5,241.0,-7.5,0.0,0,0,hold,6314
105,248.5,241.0,-7.5,0.0,0,0,hold,6316
105,248.4,241.0,-7.4,0.0,0,0,hold,6318
105,248.4,241.0,-7.4,0.0,0,0,hold,6320
105,248.3,241.0,-7.3,0.0,0,0,hold,6322
105,248.4,241.0,-7.4,0.0,0,0,hold,6324
105,248.4,241.0,-7.4,0.0,0,0,hold,6326
105,248.3,241.0,-7.3,0.0,0,0,hold,6328
105,248.1,241.0,-7.1,0.0,0,0,hold,6330
105,248.2,241.0,-7.2,0.0,0,0,hold,6332
105,248.1,241.0,-7.1,0.0,0,0,hold,6334
105,248.1,241.0,-7.1,0.0,0,0,hold,6336
105,248.1,241.0,-7.1,0.0,0,0,hold,6338
105,248.0,241.0,-7.0,0.0,0,0,hold,6340
105,248.0,241.0,-7.0,0.0,0,0,hold,6342
105,247.9,241.0,-6.9,0.0,0,0,hold,6344
105,247.9,241.0,-6.9,0.0,0,0,hold,6346
105,247.9,241.0,-6.9,0.0,0,0,hold,6348
105,247.9,241.0,-6.9,0.0,0,0,hold,6350
105,247.8,241.0,-6.8,0.0,0,0,hold,6352
105,247.8,241.0,-6.8,0.0,0,0,hold,6354
105,247.7,241.0,-6.7,0.0,0,0,hold,6356
105,247.7,241.0,-6.7,0.0,0,0,hold,6358
106,247.7,241.0,-6.7,0.0,0,0,hold,6360
106,247.7,241.0,-6.7,0.0,0,0,hold,6362
106,247.7,241.0,-6.7,0.0,0,0,hold,6364
106,247.5,241.0,-6.5,0.0,0,0,hold,6366
106,247.5,241.0,-6.5,0.0,0,0,hold,6368
106,247.6,241.0,-6.6,0.0,0,0,hold,6370
106,247.4,241.0,-6.4,0.0,0,0,hold,6372
106,247.5,241.0,-6.5,0.0,0,0,hold,6374
106,247.3,241.0,-6.3,0.0,0,0,hold,6376
106,247.2,241.0,-6.2,0.0,0,0,hold,6378
106,247.2,241.0,-6.2,0.0,0,0,hold,6380
106,247.2,241.0,-6.2,0.0,0,0,hold,6382
106,247.2,241.0,-6.2,0.0,0,0,hold,6384
106,247.2,241.0,-6.2,0.0,0,0,hold,6386
106,247.1,241.0,-6.1,0.0,0,0,hold,6388
106,247.1,241.0,-6.1,0.0,0,0,hold,6390
106,247.1,241.0,-6.1,0.0,0,0,hold,6392
106,247.0,241.0,-6.0,0.0,0,0,hold,6394
106,247.0,241.0,-6.0,0.0,0,0,hold,6396
106,246.9,241.0,-5.9,0.0,0,0,hold,6398
106,246.9,241.0,-5.9,0.0,0,0,hold,6401
106,246.9,241.0,-5.9,0.0,0,0,hold,6403
106,246.9,241.0,-5.9,0.0,0,0,hold,6405
106,246.9,241.0,-5.9,0.0,0,0,hold,6407
106,246.8,241.0,-5.8,0.0,0,0,hold,6409
106,246.7,241.0,-5.7,0.0,0,0,hold,6411
106,246.7,241.0,-5.7,0.0,0,0,hold,6413
106,246.7,241.0,-5.7,0.0,0,0,hold,6415
106,246.7,241.0,-5.7,0.0,0,0,hold,6417
106,246.6,241.0,-5.6,0.0,0,0,hold,6419
107,246.7,241.0,-5.7,0.0,0,0,hold,6421
107,246.6,241.0,-5.6,0.0,0,0,hold,6423
107,246.6,241.0,-5.6,0.0,0,0,hold,6425
107,246.5,241.0,-5.5,0.0,0,0,hold,6427
107,246.4,241.0,-5.4,0.0,0,0,hold,6429
107,246.4,241.0,-5.4,0.0,0,0,hold,6431
107,246.5,241.0,-5.5,0.0,0,0,hold,6433
107,246.4,241.0,-5.4,0.0,0,0,hold,6435
107,246.3,241.0,-5.3,0.0,0,0,hold,6437
107,246.4,241.0,-5.4,0.0,0,0,hold,6439
107,246.3,241.0,-5.3,0.0,0,0,hold,6441
107,246.2,241.0,-5.2,0.0,0,0,hold,6443
107,246.1,241.0,-5.1,0.0,0,0,hold,6445
107,246.0,241.0,-5.0,0.0,0,0,hold,6447
107,246.0,241.0,-5.0,0.0,0,0,hold,6449
107,246.0,241.0,-5.0,0.0,0,0,hold,6451
107,246.0,241.0,-5.0,0.0,0,0,hold,6453
107,245.9,241.0,-4.9,0.0,0,0,hold,6455
107,245.8,241.0,-4.8,0.0,0,0,hold,6457
107,245.8,241.0,-4.8,0.0,0,0,hold,6459
107,245.7,241.0,-4.7,0.0,0,0,hold,6461
107,245.8,241.0,-4.8,0.0,0,0,hold,6463
107,245.7,241.0,-4.7,0.0,0,0,hold,6465
107,245.7,241.0,-4.7,0.0,0,0,hold,6467
107,245.6,241.0,-4.6,0.0,0,0,hold,6469
107,245.7,241.0,-4.7,0.0,0,0,hold,6471
107,245.5,241.0,-4.5,0.0,0,0,hold,6473
107,245.6,241.0,-4.6,0.0,0,0,hold,6475
107,245.5,241.0,-4.5,0.0,0,0,hold,6477
107,245.4,241.0,-4.4,0.0,0,0,hold,6479
108,245.4,241.0,-4.4,0.0,0,0,hold,6481
108,245.4,241.0,-4.4,0.0,0,0,hold,6483
108,245.2,241.0,-4.2,0.0,0,0,hold,6485
108,245.3,241.0,-4.3,0.0,0,0,hold,6487
108,245.3,241.0,-4.3,0.0,0,0,hold,6489
108,245.1,241.0,-4.1,0.0,0,0,hold,6491
108,245.2,241.0,-4.2,0.0,0,0,hold,6493
108,245.2,241.0,-4.2,0.0,0,0,hold,6495
108,245.0,241.0,-4.0,0.0,0,0,hold,6497
108,245.1,241.0,-4.1,0.0,0,0,hold,6499
108,245.1,241.0,-4.1,0.0,0,0,hold,6501
108,245.0,241.0,-4.0,0.0,0,0,hold,6503
108,245.0,241.0,-4.0,0.0,0,0,hold,6505
108,244.9,241.0,-3.9,0.0,0,0,hold,6507
108,244.9,241.0,-3.9,0.0,0,0,hold,6509
108,244.9,241.0,-3.9,0.0,0,0,hold,6511
108,244.9,241.0,-3.9,0.0,0,0,hold,6513
108,244.9,241.0,-3.9,0.0,0,0,hold,6515
108,244.7,241.0,-3.7,0.0,0,0,hold,6517
108,244.7,241.0,-3.7,0.0,0,0,hold,6519
108,244.8,241.0,-3.8,0.0,0,0,hold,6521
108,244.6,241.0,-3.6,0.0,0,0,hold,6523
108,244.6,241.0,-3.6,0.0,0,0,hold,6525
108,244.6,241.0,-3.6,0.0,0,0,hold,6527
108,244.6,241.0,-3.6,0.0,0,0,hold,6529
108,244.6,241.0,-3.6,0.0,0,0,hold,6531
108,244.6,241.0,-3.6,0.0,0,0,hold,6533
108,244.6,241.0,-3.6,0.0,0,0,hold,6535
108,244.6,241.0,-3.6,0.0,0,0,hold,6537
108,244.5,241.0,-3.5,0.0,0,0,hold,6539
109,244.4,241.0,-3.4,0.0,0,0,hold,6541
109,244.4,241.0,-3.4,0.0,0,0,hold,6543
109,244.5,241.0,-3.5,0.0,0,0,hold,6545
109,244.3,241.0,-3.3,0.0,0,0,hold,6547
109,244.4,241.0,-3.4,0.0,0,0,hold,6549
109,244.3,241.0,-3.3,0.0,0,0,hold,6551
109,244.3,241.0,-3.3,0.0,0,0,hold,6553
109,244.3,241.0,-3.3,0.0,0,0,hold,6555
109,244.3,241.0,-3.3,0.0,0,0,hold,6557
109,244.3,241.0,-3.3,0.0,0,0,hold,6559
109,244.3,241.0,-3.3,0.0,0,0,hold,6561
109,244.3,241.0,-3.3,0.0,0,0,hold,6563
109,244.2,241.0,-3.2,0.0,0,0,hold,6565
109,244.1,241.0,-3.1,0.0,0,0,hold,6567
109,244.2,241.0,-3.2,0.0,0,0,hold,6569
109,244.2,241.0,-3.2,0.0,0,0,hold,6571
109,244.2,241.0,-3.2,0.0,0,0,hold,6573
109,244.1,241.0,-3.1,0.0,0,0,hold,6575
109,244.1,241.0,-3.1,0.0,0,0,hold,6577
109,244.0,241.0,-3.0,0.0,0,0,hold,6579
109,244.1,241.0,-3.1,0.0,0,0,hold,6581
109,244.0,241.0,-3.0,0.0,0,0,hold,6583
109,244.0,241.0,-3.0,0.0,0,0,hold,6585
109,243.9,241.0,-2.9,0.0,0,0,hold,6588
109,244.0,241.0,-3.0,0.0,0,0,hold,6590
109,243.9,241.0,-2.9,0.0,0,0,hold,6592
109,243.9,241.0,-2.9,0.0,0,0,hold,6594
109,243.8,241.0,-2.8,0.0,0,0,hold,6596
109,243.9,241.0,-2.9,0.0,0,0,hold,6598
110,243.8,241.0,-2.8,0.0,0,0,hold,6600
110,243.8,241.0,-2.8,0.0,0,0,hold,6602
110,243.8,241.0,-2.8,0.0,0,0,hold,6604
110,243.9,241.0,-2.9,0.0,0,0,hold,6606
110,243.8,241.0,-2.8,0.0,0,0,hold,6608
110,243.8,241.0,-2.8,0.0,0,0,hold,6610
110,243.6,241.0,-2.6,0.0,0,0,hold,6612
110,243.6,241.0,-2.6,0.0,0,0,hold,6614
110,243.7,241.0,-2.7,0.0,0,0,hold,6616
110,243.7,241.0,-2.7,0.0,0,0,hold,6618
110,243.6,241.0,-2.6,0.0,0,0,hold,6620
110,243.5,241.0,-2.5,0.0,0,0,hold,6622
110,243.6,241.0,-2.6,0.0,0,0,hold,6624
110,243.5,241.0,-2.5,0.0,0,0,hold,6626
110,243.5,241.0,-2.5,0.0,0,0,hold,6628
110,243.5,241.0,-2.5,0.0,0,0,hold,6630
110,243.4,241.0,-2.4,0.0,0,0,hold,6632
110,243.5,241.0,-2.5,0.0,0,0,hold,6634
110,243.4,241.0,-2.4,0.0,0,0,hold,6636
110,243.4,241.0,-2.4,0.0,0,0,hold,6638
110,243.3,241.0,-2.3,0.0,0,0,hold,6640
110,243.4,241.0,-2.4,0.0,0,0,hold,6642
110,243.4,241.0,-2.4,0.0,0,0,hold,6644
110,243.3,241.0,-2.3,0.0,0,0,hold,6646
110,243.2,241.0,-2.2,0.0,0,0,hold,6648
110,243.2,241.0,-2.2,0.0,0,0,hold,6650
110,243.3,241.0,-2.3,0.0,0,0,hold,6652
110,243.2,241.0,-2.2,0.0,0,0,hold,6654
110,243.2,241.0,-2.2,0.0,0,0,hold,6656
110,243.1,241.0,-2.1,0.0,0,0,hold,6658
111,243.2,241.0,-2.2,0.0,0,0,hold,6660
111,243.1,241.0,-2.1,0.0,0,0,hold,6662
111,243.1,241.0,-2.1,0.0,0,0,hold,6664
111,243.1,241.0,-2.1,0.0,0,0,hold,6666
111,243.1,241.0,-2.1,0.0,0,0,hold,6668
111,243.0,241.0,-2.0,0.0,0,0,hold,6670
111,243.1,241.0,-2.1,0.0,0,0,hold,6672
111,243.0,241.0,-2.0,0.0,0,0,hold,6674
111,243.0,241.0,-2.0,0.0,0,0,hold,6676
111,243.0,241.0,-2.0,0.0,0,0,hold,6678
111,242.9,241.0,-1.9,0.0,0,0,hold,6680
111,243.0,241.0,-2.0,0.0,0,0,hold,6682
111,242.9,241.0,-1.9,0.0,0,0,hold,6684
111,242.9,241.0,-1.9,0.0,0,0,hold,6686
111,242.8,241.0,-1.8,0.0,0,0,hold,6688
111,242.8,241.0,-1.8,0.0,0,0,hold,6690
111,242.8,241.0,-1.8,0.0,0,0,hold,6692
111,242.7,241.0,-1.7,0.0,0,0,hold,6694
111,242.8,241.0,-1.8,0.0,0,0,hold,6696
111,242.6,241.0,-1.6,0.0,0,0,hold,6698
111,242.7,241.0,-1.7,0.0,0,0,hold,6700
111,242.6,241.0,-1.6,0.0,0,0,hold,6702
111,242.6,241.0,-1.6,0.0,0,0,hold,6704
111,242.5,241.0,-1.5,0.0,0,0,hold,6706
111,242.5,241.0,-1.5,0.0,0,0,hold,6708
111,242.6,241.0,-1.6,0.0,0,0,hold,6710
111,242.5,241.0,-1.5,0.0,0,0,hold,6712
111,242.5,241.0,-1.5,0.0,0,0,hold,6714
111,242.4,241.0,-1.4,0.0,0,0,hold,6716
111,242.4,241.0,-1.4,0.0,0,0,hold,6718
112,242.4,241.0,-1.4,0.0,0,0,hold,6720
112,242.4,241.0,-1.4,0.0,0,0,hold,6722
112,242.3,241.0,-1.3,0.0,0,0,hold,6724
112,242.4,241.0,-1.4,0.0,0,0,hold,6726
112,242.3,241.0,-1.3,0.0,0,0,hold,6728
112,242.3,241.0,-1.3,0.0,0,0,hold,6730
112,242.2,241.0,-1.2,0.0,0,0,hold,6732
112,242.2,241.0,-1.2,0.0,0,0,hold,6734
112,242.2,241.0,-1.2,0.0,0,0,hold,6736
112,242.2,241.0,-1.2,0.0,0,0,hold,6738
112,242.2,241.0,-1.2,0.0,0,0,hold,6740
112,242.2,241.0,-1.2,0.0,0,0,hold,6742
112,242.1,241.0,-1.1,0.0,0,0,hold,6744
112,242.2,241.0,-1.2,0.0,0,0,hold,6746
112,242.1,241.0,-1.1,0.0,0,0,hold,6748
112,242.0,241.0,-1.0,0.0,0,0,hold,6750
112,242.0,241.0,-1.0,0.0,0,0,hold,6752
112,241.9,241.0,-0.9,0.0,0,0,hold,6754
112,241.9,241.0,-0.9,0.0,0,0,hold,6756
112,242.0,241.0,-1.0,0.0,0,0,hold,6758
112,242.0,241.0,-1.0,0.0,0,0,hold,6760
112,241.9,241.0,-0.9,0.0,0,0,hold,6762
112,241.9,241.0,-0.9,0.0,0,0,hold,6764
112,241.8,241.0,-0.8,0.0,0,0,hold,6766
112,241.9,241.0,-0.9,0.0,0,0,hold,6768
112,241.9,241.0,-0.9,0.0,0,0,hold,6770
112,241.8,241.0,-0.8,0.0,0,0,hold,6773
112,241.8,241.0,-0.8,0.0,0,0,hold,6775
112,241.8,241.0,-0.8,0.0,0,0,hold,6777
112,241.7,241.0,-0.7,0.0,0,0,hold,6779
113,241.7,241.0,-0.7,0.0,0,0,hold,6781
113,241.7,241.0,-0.7,0.0,0,0,hold,6783
113,241.7,241.0,-0.7,0.0,0,0,hold,6785
113,241.7,241.0,-0.7,0.0,0,0,hold,6787
113,241.6,241.0,-0.6,0.0,0,0,hold,6789
113,241.6,241.0,-0.6,0.0,0,0,hold,6791
113,241.6,241.0,-0.6,0.0,0,0,hold,6793
113,241.4,241.0,-0.4,0.0,0,0,hold,6795
113,241.5,241.0,-0.5,0.0,0,0,hold,6797
113,241.4,241.0,-0.4,0.0,0,0,hold,6799
113,241.5,241.0,-0.5,0.0,0,0,hold,6801
113,241.4,241.0,-0.4,0.0,0,0,hold,6803
113,241.3,241.0,-0.3,0.0,0,0,hold,6805
113,241.4,241.0,-0.4,0.0,0,0,hold,6807
113,241.3,241.0,-0.3,0.0,0,0,hold,6809
113,241.4,241.0,-0.4,0.0,0,0,hold,6811
113,241.3,241.0,-0.3,0.0,0,0,hold,6813
113,241.3,241.0,-0.3,0.0,0,0,hold,6815
113,241.3,241.0,-0.3,0.0,0,0,hold,6817
113,241.1,241.0,-0.1,0.0,0,0,hold,6819
113,241.1,241.0,-0.1,0.0,0,0,hold,6821
113,241.2,241.0,-0.2,0.0,0,0,hold,6823
113,241.2,241.0,-0.2,0.0,0,0,hold,6825
113,241.1,241.0,-0.1,0.0,0,0,hold,6827
113,241.2,241.0,-0.2,0.0,0,0,hold,6829
113,241.0,241.0,0.0,0.0,0,0,hold,6831
113,241.0,241.0,0.0,0.0,0,0,hold,6833
113,241.0,241.0,0.0,0.0,0,0,hold,6835
113,241.0,241.0,0.0,0.0,0,0,hold,6837
113,240.9,241.0,0.1,0.0,0,0,hold,6839
114,240.9,241.0,0.1,0.0,0,0,hold,6841
114,240.9,241.0,0.1,0.0,0,0,hold,6843
114,240.8,241.0,0.2,0.0,0,0,hold,6845
114,240.9,241.0,0.1,0.0,0,0,hold,6847
114,240.9,241.0,0.1,0.0,0,0,hold,6849
114,240.8,241.0,0.2,0.0,0,0,hold,6851
114,240.8,241.0,0.2,0.0,0,0,hold,6853
114,240.7,241.0,0.3,0.0,0,0,hold,6855
114,240.8,241.0,0.2,0.0,0,0,hold,6857
114,240.8,241.0,0.2,0.0,0,0,hold,6859
114,240.7,241.0,0.3,0.0,0,0,hold,6861
114,240.7,241.0,0.3,0.0,0,0,hold,6863
114,240.6,241.0,0.4,0.0,0,0,hold,6865
114,240.5,241.0,0.5,0.0,0,0,hold,6867
114,240.6,241.0,0.4,0.0,0,0,hold,6869
114,240.5,241.0,0.5,0.0,0,0,hold,6871
114,240.5,241.0,0.5,0.0,0,0,hold,6873
114,240.5,241.0,0.5,0.0,0,0,hold,6875
114,240.4,241.0,0.6,0.0,0,0,hold,6877
114,240.4,241.0,0.6,0.0,0,0,hold,6879
114,240.4,241.0,0.6,0.0,0,0,hold,6881
114,240.4,241.0,0.6,0.0,0,0,hold,6883
114,240.3,241.0,0.7,0.0,0,0,hold,6885
114,240.3,241.0,0.7,0.0,0,0,hold,6887
114,240.3,241.0,0.7,0.0,0,0,hold,6889
114,240.2,241.0,0.8,0.0,0,0,hold,6891
114,240.2,241.0,0.8,0.0,0,0,hold,6893
114,240.2,241.0,0.8,0.0,0,0,hold,6895
114,240.3,241.0,0.7,0.0,0,0,hold,6897
114,240.1,241.0,0.9,0.0,0,0,hold,6899
115,240.1,241.0,0.9,0.0,0,0,hold,6901
115,240.1,241.0,0.9,0.0,0,0,hold,6903
115,240.2,241.0,0.8,0.0,0,0,hold,6905
115,240.1,241.0,0.9,0.0,0,0,hold,6907
115,240.1,241.0,0.9,0.0,0,0,hold,6909
115,240.0,241.0,1.0,0.0,0,0,hold,6911
115,240.0,241.0,1.0,0.0,0,0,hold,6913
115,239.9,241.0,1.1,0.0,0,0,hold,6915
115,239.9,241.0,1.1,0.0,0,0,hold,6917
115,239.9,241.0,1.1,0.0,0,0,hold,6919
115,239.9,241.0,1.1,0.0,0,0,hold,6921
115,239.9,241.0,1.1,0.0,0,0,hold,6923
115,239.9,241.0,1.1,0.0,0,0,hold,6925
115,239.7,241.0,1.3,0.0,0,0,hold,6927
115,239.7,241.0,1.3,0.0,0,0,hold,6929
115,239.7,241.0,1.3,0.0,0,0,hold,6931
115,239.8,241.0,1.2,0.0,0,0,hold,6933
115,239.7,241.0,1.3,0.0,0,0,hold,6935
115,239.8,241.0,1.2,0.0,0,0,hold,6937
115,239.7,241.0,1.3,0.0,0,0,hold,6939
115,239.6,241.0,1.4,0.0,0,0,hold,6941
115,239.6,241.0,1.4,0.0,0,0,hold,6943
115,239.6,241.0,1.4,0.0,0,0,hold,6945
115,239.6,241.0,1.4,0.0,0,0,hold,6947
115,239.4,241.0,1.6,0.0,0,0,hold,6949
115,239.5,241.0,1.5,0.0,0,0,hold,6951
115,239.4,241.0,1.6,0.0,0,0,hold,6953
115,239.4,241.0,1.6,0.0,0,0,hold,6955
115,239.4,241.0,1.6,0.0,0,0,hold,6958
116,239.4,241.0,1.6,0.0,0,0,hold,6960
116,239.3,241.0,1.7,0.0,0,0,hold,6962
116,239.3,241.0,1.7,0.0,0,0,hold,6964
116,239.3,241.0,1.7,0.0,0,0,hold,6966
116,239.2,241.0,1.8,0.0,0,0,hold,6968
116,239.2,241.0,1.8,0.0,0,0,hold,6970
116,239.2,241.0,1.8,0.0,0,0,hold,6972
116,239.2,241.0,1.8,0.0,0,0,hold,6974
116,239.1,241.0,1.9,0.0,0,0,hold,6976
116,239.1,241.0,1.9,0.0,0,0,hold,6978
116,239.1,241.0,1.9,0.0,0,0,hold,6980
116,239.1,241.0,1.9,0.0,0,0,hold,6982
116,239.1,241.0,1.9,0.0,0,0,hold,6984
116,239.0,241.0,2.0,0.0,0,0,hold,6986
116,239.0,241.0,2.0,0.0,0,0,hold,6988
116,239.0,241.0,2.0,0.0,0,0,hold,6990
116,238.9,241.0,2.1,0.0,0,0,hold,6992
116,239.0,241.0,2.0,0.0,0,0,hold,6994
116,238.9,241.0,2.1,0.0,0,0,hold,6996
116,238.9,241.0,2.1,0.0,0,0,hold,6998
116,238.8,241.0,2.2,0.0,0,0,hold,7000
116,238.9,241.0,2.1,0.0,0,0,hold,7002
116,238.7,241.0,2.3,0.0,0,0,hold,7004
116,238.7,241.0,2.3,0.0,0,0,hold,7006
116,238.7,241.0,2.3,0.0,0,0,hold,7008
116,238.6,241.0,2.4,0.0,0,0,hold,7010
116,238.6,241.0,2.4,0.0,0,0,hold,7012
116,238.7,241.0,2.3,0.0,0,0,hold,7014
116,238.7,241.0,2.3,0.0,0,0,hold,7016
116,238.6,241.0,2.4,0.0,0,0,hold,7018
117,238.5,241.0,2.5,0.0,0,0,hold,7020
117,238.5,241.0,2.5,0.0,0,0,hold,7022
117,238.5,241.0,2.5,0.0,0,0,hold,7024
117,238.4,241.0,2.6,0.0,0,0,hold,7026
117,238.4,241.0,2.6,0.0,0,0,hold,7028
117,238.4,241.0,2.6,0.0,0,0,hold,7030
117,238.3,241.0,2.7,0.0,0,0,hold,7032
117,238.3,241.0,2.7,0.0,0,0,hold,7034
117,238.3,241.0,2.7,0.0,0,0,hold,7036
117,238.3,241.0,2.7,0.0,0,0,hold,7038
117,238.3,241.0,2.7,0.0,0,0,hold,7040
117,238.2,241.0,2.8,0.0,0,0,hold,7042
117,238.1,241.0,2.9,0.0,0,0,hold,7044
117,238.2,241.0,2.8,0.0,0,0,hold,7046
117,238.1,241.0,2.9,0.0,0,0,hold,7048
117,238.2,241.0,2.8,0.0,0,0,hold,7050
117,238.1,241.0,2.9,0.0,0,0,hold,7052
117,238.0,241.0,3.0,0.0,0,0,hold,7054
117,238.0,241.0,3.0,0.0,0,0,hold,7056
117,238.0,241.0,3.0,0.0,0,0,hold,7058
117,238.0,241.0,3.0,0.0,0,0,hold,7060
117,238.0,241.0,3.0,0.0,0,0,hold,7062
117,238.0,241.0,3.0,0.0,0,0,hold,7064
117,237.9,241.0,3.1,0.0,0,0,hold,7066
117,237.8,241.0,3.2,0.0,0,0,hold,7068
117,237.8,241.0,3.2,0.0,0,0,hold,7070
117,237.8,241.0,3.2,0.0,0,0,hold,7072
117,237.6,241.0,3.4,0.0,0,0,hold,7074
117,237.9,241.0,3.1,0.0,0,0,hold,7076
117,237.8,241.0,3.2,0.0,0,0,hold,7078
118,237.8,241.0,3.2,0.0,0,0,hold,7080
118,237.6,241.0,3.4,0.0,0,0,hold,7082
118,237.7,241.0,3.3,0.0,0,0,hold,7084
118,237.7,241.0,3.3,0.0,0,0,hold,7086
118,237.6,241.0,3.4,0.0,0,0,hold,7088
118,237.5,241.0,3.5,0.0,0,0,hold,7090
118,237.5,241.0,3.5,0.0,0,0,hold,7092
118,237.5,241.0,3.5,0.0,0,0,hold,7094
118,237.5,241.0,3.5,0.0,0,0,hold,7096
118,237.4,241.0,3.6,0.0,0,0,hold,7098
118,237.4,241.0,3.6,0.0,0,0,hold,7100
118,237.4,241.0,3.6,0.0,0,0,hold,7102
118,237.3,241.0,3.7,0.0,0,0,hold,7104
118,237.4,241.0,3.6,0.0,0,0,hold,7106
118,237.4,241.0,3.6,0.0,0,0,hold,7108
118,237.3,241.0,3.7,0.0,0,0,hold,7110
118,237.3,241.0,3.7,0.0,0,0,hold,7112
118,237.2,241.0,3.8,0.0,0,0,hold,7114
118,237.3,241.0,3.7,0.0,0,0,hold,7116
118,237.2,241.0,3.8,0.0,0,0,hold,7118
118,237.3,241.0,3.7,0.0,0,0,hold,7120

